-----------------삭제------------------
--접속유저의 모든테이블 및 제약조건 삭제
BEGIN
    FOR C IN (SELECT TABLE_NAME FROM USER_TABLES) LOOP
    EXECUTE IMMEDIATE ('DROP TABLE '||C.TABLE_NAME||' CASCADE CONSTRAINTS');
    END LOOP;
END;
/
--접속유저의 모든 시퀀스 삭제
BEGIN
FOR C IN (SELECT * FROM USER_SEQUENCES) LOOP
  EXECUTE IMMEDIATE 'DROP SEQUENCE '||C.SEQUENCE_NAME;
END LOOP;
END;
/
---------------------------------------

CREATE TABLE "NATION" (
	"NATION_CODE"	NUMBER		NOT NULL,
	"NATION_NAME"	VARCHAR2(3)	NOT NULL,
	"IMG_PATH"	VARCHAR2(300)	NOT NULL
);

COMMENT ON COLUMN "NATION"."NATION_CODE" IS '국가코드';

COMMENT ON COLUMN "NATION"."NATION_NAME" IS '국가명';

COMMENT ON COLUMN "NATION"."IMG_PATH" IS '이미지경로';




CREATE TABLE "MEMBER" (
	"MEM_NUM"	NUMBER		NOT NULL,
	"MEM_ID"		VARCHAR2(50)	NOT NULL,
	"MEM_PWD"	VARCHAR2(20)	NOT NULL,
	"MEM_NAME"	VARCHAR2(20)	NULL,
	"MEM_GENDER"	VARCHAR2(1)	CHECK(MEM_GENDER IN('M','F')),
	"MEM_PHONE"	VARCHAR2(15)	NULL,
	"NATION_CODE"	NUMBER		NOT NULL,
	"MEM_POINT"	NUMBER		NULL,
	"MEM_TYPE"	VARCHAR2(1)	CHECK(MEM_TYPE IN('A','O','U')),
	"MEM_STATUS"	VARCHAR2(1)	DEFAULT 'Y'	CHECK(MEM_STATUS IN('Y','N')),
	"ENROLL_DATE"	DATE		DEFAULT SYSDATE	NOT NULL,
	"OUT_DATE"	DATE		NULL,
	"NOSHOW"	NUMBER		DEFAULT 0 NOT NULL
);

COMMENT ON COLUMN "MEMBER"."MEM_NUM" IS '회원번호';

COMMENT ON COLUMN "MEMBER"."MEM_ID" IS '회원아이디';

COMMENT ON COLUMN "MEMBER"."MEM_PWD" IS '비밀번호';

COMMENT ON COLUMN "MEMBER"."MEM_NAME" IS '이름';

COMMENT ON COLUMN "MEMBER"."MEM_GENDER" IS '성별';

COMMENT ON COLUMN "MEMBER"."MEM_PHONE" IS '휴대폰';

COMMENT ON COLUMN "MEMBER"."NATION_CODE" IS '국가코드';

COMMENT ON COLUMN "MEMBER"."MEM_POINT" IS '포인트';

COMMENT ON COLUMN "MEMBER"."MEM_TYPE" IS '관리자A/오너O/사용자U';

COMMENT ON COLUMN "MEMBER"."MEM_STATUS" IS '상태(y/n)';

COMMENT ON COLUMN "MEMBER"."ENROLL_DATE" IS '가입일';

COMMENT ON COLUMN "MEMBER"."OUT_DATE" IS '탈퇴일(정지일)';

COMMENT ON COLUMN "MEMBER"."NOSHOW" IS '노쇼누적횟수';





CREATE TABLE "ACCOMMODATION" (
	"ACM_NUM"		NUMBER		NOT NULL,
	"ACM_NAME"		VARCHAR2(100)	NOT NULL,
	"OWNER_NUM"		NUMBER		NOT NULL,
	"ACM_PHONE"		VARCHAR2(15)	NOT NULL,
	"ACM_ADDRESS"		VARCHAR2(100)	NOT NULL,
	"ACM_TYPE"		VARCHAR2(1)	CHECK(ACM_TYPE IN('H','R','C','G','M')),
	"ACM_GRADE"		NUMBER		CHECK(ACM_GRADE IN(1,2,3,4,5)),
	"ACM_DESCRIPT_A"	VARCHAR2(1000)	NOT NULL,
	"ACM_DESCRIPT_B"	VARCHAR2(1000)	NULL,
	"ACM_COORD_X"		VARCHAR2(30)	NOT NULL,
	"ACM_COORD_Y"		VARCHAR2(30)	NOT NULL,
	"ACM_DISTRICT"		VARCHAR2(20)	NOT NULL,
	"ACM_POWER"		VARCHAR2(1)	DEFAULT 'N' CHECK(ACM_POWER IN('Y','N')),
	"ACM_STATUS"		VARCHAR2(1)	DEFAULT 'N' CHECK(ACM_STATUS IN('Y','N'))
);

COMMENT ON COLUMN "ACCOMMODATION"."ACM_NUM" IS '숙소번호';

COMMENT ON COLUMN "ACCOMMODATION"."ACM_NAME" IS '숙소이름';

COMMENT ON COLUMN "ACCOMMODATION"."OWNER_NUM" IS '오너의 회원번호';

COMMENT ON COLUMN "ACCOMMODATION"."ACM_PHONE" IS '숙소연락처';

COMMENT ON COLUMN "ACCOMMODATION"."ACM_ADDRESS" IS '주소';

COMMENT ON COLUMN "ACCOMMODATION"."ACM_TYPE" IS '숙소타입(H/R/C/G/M)';

COMMENT ON COLUMN "ACCOMMODATION"."ACM_GRADE" IS '몇성급인지';

COMMENT ON COLUMN "ACCOMMODATION"."ACM_DESCRIPT_A" IS '설명1';

COMMENT ON COLUMN "ACCOMMODATION"."ACM_DESCRIPT_B" IS '설명2';

COMMENT ON COLUMN "ACCOMMODATION"."ACM_COORD_X" IS 'X좌표';

COMMENT ON COLUMN "ACCOMMODATION"."ACM_COORD_Y" IS 'Y좌표';

COMMENT ON COLUMN "ACCOMMODATION"."ACM_DISTRICT" IS '구역(제주/서귀포)';

COMMENT ON COLUMN "ACCOMMODATION"."ACM_POWER" IS '파워등록여부(Y/N)';

COMMENT ON COLUMN "ACCOMMODATION"."ACM_STATUS" IS '숙소상태(Y:등록/N:등록대기중or삭제)';







CREATE TABLE "ACMIMG" (
	"IMG_NUM"	NUMBER		NOT NULL,
	"IMG_PATH"	VARCHAR2(300)	NOT NULL,
	"ACM_NUM"	NUMBER		NOT NULL,
	"STATUS"	NUMBER		CHECK(STATUS IN(0,1))
);

COMMENT ON COLUMN "ACMIMG"."IMG_NUM" IS '이미지번호';

COMMENT ON COLUMN "ACMIMG"."IMG_PATH" IS '이미지경로';

COMMENT ON COLUMN "ACMIMG"."ACM_NUM" IS '숙소번호';

COMMENT ON COLUMN "ACMIMG"."STATUS" IS '0 = 대표사진 / 1';







CREATE TABLE "ROOM" (
	"ROOM_NUM"		NUMBER		NOT NULL,
	"ACM_NUM"		NUMBER		NOT NULL,
	"ROOM_NAME"		VARCHAR2(50)	NOT NULL,
	"ROOM_PRICE"		NUMBER		NOT NULL,
	"ROOM_PAX"		NUMBER		NOT NULL,
	"ROOM_DESCRIPT_A"	VARCHAR2(500)	NULL,
	"ROOM_DESCRIPT_B"	VARCHAR2(500)	NULL,
	"ROOM_SMOKE"		VARCHAR2(1)	CHECK(ROOM_SMOKE IN('Y','N'))
);

COMMENT ON COLUMN "ROOM"."ROOM_NUM" IS '룸번호';

COMMENT ON COLUMN "ROOM"."ACM_NUM" IS '숙소번호';

COMMENT ON COLUMN "ROOM"."ROOM_NAME" IS '룸이름';

COMMENT ON COLUMN "ROOM"."ROOM_PRICE" IS '1박가격';

COMMENT ON COLUMN "ROOM"."ROOM_PAX" IS '룸정원';

COMMENT ON COLUMN "ROOM"."ROOM_DESCRIPT_A" IS '룸설명A';

COMMENT ON COLUMN "ROOM"."ROOM_DESCRIPT_B" IS '룸설명B';

COMMENT ON COLUMN "ROOM"."ROOM_SMOKE" IS '흡연가능여부(y/n)';








CREATE TABLE "ROOMIMG" (
	"IMG_NUM"	NUMBER		NOT NULL,
	"IMG_PATH"	VARCHAR2(300)	NOT NULL,
	"ROOM_NUM"	NUMBER		NOT NULL
);

COMMENT ON COLUMN "ROOMIMG"."IMG_NUM" IS '이미지번호';

COMMENT ON COLUMN "ROOMIMG"."IMG_PATH" IS '이미지경로';

COMMENT ON COLUMN "ROOMIMG"."ROOM_NUM" IS '룸번호';







CREATE TABLE "REVIEW" (
	"REVIEW_NUM"		NUMBER		NOT NULL,
	"MEM_NUM"		NUMBER		NOT NULL,
	"ACM_NUM"		NUMBER		NOT NULL,
	"REVIEW_SCORE"		NUMBER		NULL,
	"REVIEW_CONTENT"	VARCHAR2(300)	NOT NULL,
	"REVIEW_DATE"		DATE		DEFAULT SYSDATE NOT NULL
);

COMMENT ON COLUMN "REVIEW"."REVIEW_NUM" IS '후기번호';

COMMENT ON COLUMN "REVIEW"."MEM_NUM" IS '회원번호';

COMMENT ON COLUMN "REVIEW"."ACM_NUM" IS '숙소번호';

COMMENT ON COLUMN "REVIEW"."REVIEW_SCORE" IS '후기점수';

COMMENT ON COLUMN "REVIEW"."REVIEW_CONTENT" IS '후기내용';

COMMENT ON COLUMN "REVIEW"."REVIEW_DATE" IS '작성날짜';







CREATE TABLE "RESERVATION" (
	"RESERV_NUM"		VARCHAR2(100)	NOT NULL,
	"MEM_NUM"		NUMBER		NOT NULL,
	"ROOM_NUM"		NUMBER		NOT NULL,
	"RESERV_PAX"		NUMBER		NOT NULL,
	"CHECKIN_DATE"		DATE		NOT NULL,
	"CHECKOUT_DATE"		DATE		NOT NULL,
	"RESERV_PRICE"		NUMBER		NOT NULL,
	"RESERV_CANCEL"		VARCHAR2(1)	DEFAULT 'N' CHECK(RESERV_CANCEL IN('Y','N')),
	"RESERV_DATE"		DATE		DEFAULT SYSDATE NOT NULL,
	"CANCEL_DATE"		DATE		NULL,
	"RESERV_REQUIRE"	VARCHAR2(600)	NULL,
	"NOSHOW"		VARCHAR2(1)	DEFAULT 'N' CHECK(NOSHOW IN('Y','N')),
	"STATUS"		VARCHAR2(1)	DEFAULT 'Y' CHECK(STATUS IN('Y','N'))

);

COMMENT ON COLUMN "RESERVATION"."RESERV_NUM" IS '예약번호';

COMMENT ON COLUMN "RESERVATION"."MEM_NUM" IS '회원번호';

COMMENT ON COLUMN "RESERVATION"."ROOM_NUM" IS '룸번호';

COMMENT ON COLUMN "RESERVATION"."RESERV_PAX" IS '예약한인원수';

COMMENT ON COLUMN "RESERVATION"."CHECKIN_DATE" IS '체크인날짜';

COMMENT ON COLUMN "RESERVATION"."CHECKOUT_DATE" IS '체크아웃날짜';

COMMENT ON COLUMN "RESERVATION"."RESERV_PRICE" IS '결제예상금액';

COMMENT ON COLUMN "RESERVATION"."RESERV_CANCEL" IS '예약취소';

COMMENT ON COLUMN "RESERVATION"."RESERV_DATE" IS '예약한날짜';

COMMENT ON COLUMN "RESERVATION"."CANCEL_DATE" IS '예약취소날짜';

COMMENT ON COLUMN "RESERVATION"."RESERV_REQUIRE" IS '고객요청사항';

COMMENT ON COLUMN "RESERVATION"."NOSHOW" IS '노쇼여부(y/n)';

COMMENT ON COLUMN "RESERVATION"."STATUS" IS '예약활성화상태(Y/N)';









CREATE TABLE "PAYMENT" (
	"PAY_NUM"	VARCHAR2(100)	NOT NULL,
	"RESERV_NUM"	VARCHAR2(100)	NOT NULL,
	"PAY_PRICE"	NUMBER		NOT NULL,
	"CONFIRM_NUM"	VARCHAR2(100)	NULL,
	"PAY_METHOD"	VARCHAR2(1)	NOT NULL,
	"PAY_CANCEL"	VARCHAR2(1)	DEFAULT 'N' CHECK(PAY_CANCEL IN('Y','N')),
	"PAY_DATE"	DATE		DEFAULT SYSDATE NOT NULL,
	"CANCEL_DATE"	DATE		NULL
);

COMMENT ON COLUMN "PAYMENT"."PAY_NUM" IS '결제번호';

COMMENT ON COLUMN "PAYMENT"."RESERV_NUM" IS '예약번호';

COMMENT ON COLUMN "PAYMENT"."PAY_PRICE" IS '실제결제가격';

COMMENT ON COLUMN "PAYMENT"."CONFIRM_NUM" IS '카드승인번호';

COMMENT ON COLUMN "PAYMENT"."PAY_METHOD" IS '결제방법';

COMMENT ON COLUMN "PAYMENT"."PAY_CANCEL" IS '결제취소';

COMMENT ON COLUMN "PAYMENT"."PAY_DATE" IS '결제날짜';

COMMENT ON COLUMN "PAYMENT"."CANCEL_DATE" IS '결제취소날짜';















CREATE TABLE "TOURSPOT" (
	"SPOT_NUM"	NUMBER		NOT NULL,
	"SPOT_NAME"	VARCHAR2(30)	NOT NULL,
	"SPOT_COORD_X"	VARCHAR2(30)	NOT NULL,
	"SPOT_COORD_Y"	VARCHAR2(30)	NOT NULL,
	"SPOT_ADDRESS"	VARCHAR2(300)	NULL,
	"SPOT_DESCRIPT"	VARCHAR2(300)	NULL,
    "SPOT_HOMEPAGE" VARCHAR2(500)   NULL,
    "SPOT_PHONE"    VARCHAR2(20)    NULL,
    "SPOT_CONTENT"  VARCHAR2(200)   NOT NULL
);

COMMENT ON COLUMN "TOURSPOT"."SPOT_NUM" IS '관광지번호';

COMMENT ON COLUMN "TOURSPOT"."SPOT_NAME" IS '관광지이름';

COMMENT ON COLUMN "TOURSPOT"."SPOT_COORD_X" IS 'x좌표';

COMMENT ON COLUMN "TOURSPOT"."SPOT_COORD_Y" IS 'y좌표';

COMMENT ON COLUMN "TOURSPOT"."SPOT_ADDRESS" IS '관광지주소';

COMMENT ON COLUMN "TOURSPOT"."SPOT_DESCRIPT" IS '관광지설명';

COMMENT ON COLUMN "TOURSPOT"."SPOT_HOMEPAGE" IS '홈페이지';

COMMENT ON COLUMN "TOURSPOT"."SPOT_PHONE" IS '연락처';

COMMENT ON COLUMN "TOURSPOT"."SPOT_CONTENT" IS '기타내용';









CREATE TABLE "TOURSPOTIMG" (
	"IMG_NUM"	NUMBER		NOT NULL,
	"IMG_PATH"	VARCHAR2(300)	NOT NULL,
	"SPOT_NUM"	NUMBER		NOT NULL,
	"STATUS"	NUMBER		CHECK(STATUS IN(0,1))
);

COMMENT ON COLUMN "TOURSPOTIMG"."IMG_NUM" IS '이미지번호';

COMMENT ON COLUMN "TOURSPOTIMG"."IMG_PATH" IS '이미지경로';

COMMENT ON COLUMN "TOURSPOTIMG"."SPOT_NUM" IS '관광지번호';

COMMENT ON COLUMN "TOURSPOTIMG"."STATUS" IS '0 = 대표사진 / 1';







CREATE TABLE "FESTIVAL" (
	"FESTIVAL_NUM"	NUMBER		NOT NULL,
	"FESTIVAL_NAME"	VARCHAR2(50)	NOT NULL,
	"FESTIVAL_DESCRIPT"	VARCHAR2(300)	NULL,
    "FESTIVAL_PLAN" VARCHAR2(100)       NULL
);

COMMENT ON COLUMN "FESTIVAL"."FESTIVAL_NUM" IS '축제 번호';

COMMENT ON COLUMN "FESTIVAL"."FESTIVAL_NAME" IS '축제 이름';

COMMENT ON COLUMN "FESTIVAL"."FESTIVAL_DESCRIPT" IS '축제 설명';

COMMENT ON COLUMN "FESTIVAL"."FESTIVAL_PLAN" IS '축제 일정';








CREATE TABLE "FESTIVALIMG" (
	"FESTIVALIMG_NUM"	NUMBER		NOT NULL,
	"FESTIVALIMG_PATH"	VARCHAR2(300)	NOT NULL,
	"FESTIVAL_NUM"	NUMBER		NOT NULL
);

COMMENT ON COLUMN "FESTIVALIMG"."FESTIVALIMG_NUM" IS '축제 이미지번호';

COMMENT ON COLUMN "FESTIVALIMG"."FESTIVALIMG_PATH" IS '이미지경로';

COMMENT ON COLUMN "FESTIVALIMG"."FESTIVAL_NUM" IS '축제번호';









CREATE TABLE "REPLY" (
	"REPLY_NUM"	NUMBER		NOT NULL,
	"REVIEW_NUM"	NUMBER		NOT NULL,
	"MEM_NUM"	NUMBER		NOT NULL,
	"REPLY_CONTENT"	VARCHAR2(300)	NOT NULL,
	"REPLY_DATE"	DATE		DEFAULT SYSDATE NOT NULL
);

COMMENT ON COLUMN "REPLY"."REPLY_NUM" IS '댓글번호';

COMMENT ON COLUMN "REPLY"."REVIEW_NUM" IS '후기번호';

COMMENT ON COLUMN "REPLY"."MEM_NUM" IS '회원번호';

COMMENT ON COLUMN "REPLY"."REPLY_CONTENT" IS '댓글내용';

COMMENT ON COLUMN "REPLY"."REPLY_DATE" IS '작성날짜';









CREATE TABLE "WISHLIST" (
	"MEM_NUM"	NUMBER		NOT NULL,
	"ACM_NUM"	NUMBER		NOT NULL,
	"WISH_DATE"	DATE		DEFAULT SYSDATE NOT NULL
);

COMMENT ON COLUMN "WISHLIST"."MEM_NUM" IS '회원번호';

COMMENT ON COLUMN "WISHLIST"."ACM_NUM" IS '숙소번호';

COMMENT ON COLUMN "WISHLIST"."WISH_DATE" IS '찜한날짜';









CREATE TABLE "QNA" (
	"QNA_NUM"	NUMBER		NOT NULL,
	"MEM_NUM"	NUMBER		NOT NULL,
	"QNA_TITLE"	VARCHAR2(30)	NOT NULL,
	"QNA_CONTENT"	VARCHAR2(300)	NOT NULL,
	"QNA_DATE"	DATE		DEFAULT SYSDATE NOT NULL,
	"QNA_STATUS"	VARCHAR2(1)	DEFAULT 'N' CHECK(QNA_STATUS IN('Y','N'))
);

COMMENT ON COLUMN "QNA"."QNA_NUM" IS '문의번호';

COMMENT ON COLUMN "QNA"."MEM_NUM" IS '회원번호';

COMMENT ON COLUMN "QNA"."QNA_TITLE" IS '문의제목';

COMMENT ON COLUMN "QNA"."QNA_CONTENT" IS '문의내용';

COMMENT ON COLUMN "QNA"."QNA_DATE" IS '문의한날짜';

COMMENT ON COLUMN "QNA"."QNA_STATUS" IS '답변상태';









CREATE TABLE "ANSWER" (
	"ANS_NUM"	NUMBER		NOT NULL,
	"QNA_NUM"	NUMBER		NOT NULL,
	"ANS_CONTENT"	VARCHAR2(300)	NOT NULL,
	"ANS_DATE"	DATE		DEFAULT SYSDATE NOT NULL
);

COMMENT ON COLUMN "ANSWER"."ANS_NUM" IS '답변번호';

COMMENT ON COLUMN "ANSWER"."QNA_NUM" IS '문의번호';

COMMENT ON COLUMN "ANSWER"."ANS_CONTENT" IS '답변내용';

COMMENT ON COLUMN "ANSWER"."ANS_DATE" IS '작성날짜';









CREATE TABLE "POWER" (
	"POWER_NUM"	NUMBER		NOT NULL,
	"ACM_NUM"	NUMBER		NOT NULL,
	"PAY_NUM"	VARCHAR2(100)	NOT NULL,
	"START_DATE"	DATE		NULL,
	"END_DATE"	DATE		NULL,
	"POWER_STATUS"	VARCHAR2(1)	DEFAULT 'Y' CHECK(POWER_STATUS IN('Y','N'))
);

COMMENT ON COLUMN "POWER"."POWER_NUM" IS '파워등록번호';

COMMENT ON COLUMN "POWER"."ACM_NUM" IS '숙소번호';

COMMENT ON COLUMN "POWER"."PAY_NUM" IS '결제번호';

COMMENT ON COLUMN "POWER"."START_DATE" IS '시작일';

COMMENT ON COLUMN "POWER"."END_DATE" IS '종료일';

COMMENT ON COLUMN "POWER"."POWER_STATUS" IS '파워등록상태(y/n)';








CREATE TABLE "NOTICE" (
	"NOTICE_NUM"		NUMBER		NOT NULL,
	"NOTICE_TITLE"		VARCHAR2(200)	NOT NULL,
	"NOTICE_CONTENT"	VARCHAR2(1000)	NOT NULL,
	"WRITE_DATE"		DATE		NOT NULL,
	"MODIFY_DATE"		DATE		NULL,
	"STATUS"		VARCHAR2(1)	NOT NULL
);

COMMENT ON COLUMN "NOTICE"."NOTICE_NUM" IS '공지번호';

COMMENT ON COLUMN "NOTICE"."NOTICE_TITLE" IS '공지제목';

COMMENT ON COLUMN "NOTICE"."NOTICE_CONTENT" IS '공지내용';

COMMENT ON COLUMN "NOTICE"."WRITE_DATE" IS '작성날짜';

COMMENT ON COLUMN "NOTICE"."MODIFY_DATE" IS '수정날짜';

COMMENT ON COLUMN "NOTICE"."STATUS" IS '상태(y/n)';










-- PK

ALTER TABLE "NATION" ADD CONSTRAINT "PK_NATION" PRIMARY KEY ("NATION_CODE");

ALTER TABLE "MEMBER" ADD CONSTRAINT "PK_MEMBER" PRIMARY KEY ("MEM_NUM");

ALTER TABLE "ACCOMMODATION" ADD CONSTRAINT "PK_ACCOMMODATION" PRIMARY KEY ("ACM_NUM");

ALTER TABLE "ACMIMG" ADD CONSTRAINT "PK_ACMIMG" PRIMARY KEY ("IMG_NUM");

ALTER TABLE "ROOM" ADD CONSTRAINT "PK_ROOM" PRIMARY KEY ("ROOM_NUM");

ALTER TABLE "ROOMIMG" ADD CONSTRAINT "PK_ROOMIMG" PRIMARY KEY ("IMG_NUM");

ALTER TABLE "REVIEW" ADD CONSTRAINT "PK_REVIEW" PRIMARY KEY ("REVIEW_NUM");

ALTER TABLE "RESERVATION" ADD CONSTRAINT "PK_RESERVATION" PRIMARY KEY ("RESERV_NUM");

ALTER TABLE "PAYMENT" ADD CONSTRAINT "PK_PAYMENT" PRIMARY KEY ("PAY_NUM");

ALTER TABLE "TOURSPOT" ADD CONSTRAINT "PK_TOURSPOT" PRIMARY KEY ("SPOT_NUM");

ALTER TABLE "FESTIVAL" ADD CONSTRAINT "PK_FESTIVAL" PRIMARY KEY ("FESTIVAL_NUM");

ALTER TABLE "FESTIVALIMG" ADD CONSTRAINT "PK_FESTIVALIMG" PRIMARY KEY ("FESTIVALIMG_NUM");

ALTER TABLE "TOURSPOTIMG" ADD CONSTRAINT "PK_TOURSPOTIMG" PRIMARY KEY ("IMG_NUM");

ALTER TABLE "REPLY" ADD CONSTRAINT "PK_REPLY" PRIMARY KEY ("REPLY_NUM");

ALTER TABLE "WISHLIST" ADD CONSTRAINT "PK_WISHLIST" PRIMARY KEY ("MEM_NUM",	"ACM_NUM");

ALTER TABLE "QNA" ADD CONSTRAINT "PK_QNA" PRIMARY KEY ("QNA_NUM");

ALTER TABLE "ANSWER" ADD CONSTRAINT "PK_ANSWER" PRIMARY KEY ("ANS_NUM");

ALTER TABLE "POWER" ADD CONSTRAINT "PK_POWER" PRIMARY KEY ("POWER_NUM");

ALTER TABLE "NOTICE" ADD CONSTRAINT "PK_NOTICE" PRIMARY KEY ("NOTICE_NUM");



-- FK

ALTER TABLE "MEMBER" ADD CONSTRAINT "FK_NATION_TO_MEMBER_1" FOREIGN KEY ("NATION_CODE")
REFERENCES "NATION" ("NATION_CODE");

ALTER TABLE "ACCOMMODATION" ADD CONSTRAINT "FK_MEMBER_TO_ACCOMMODATION_1" FOREIGN KEY ("OWNER_NUM")
REFERENCES "MEMBER" ("MEM_NUM");

ALTER TABLE "ACMIMG" ADD CONSTRAINT "FK_ACCOMMODATION_TO_ACMIMG_1" FOREIGN KEY ("ACM_NUM")
REFERENCES "ACCOMMODATION" ("ACM_NUM");

ALTER TABLE "ROOM" ADD CONSTRAINT "FK_ACCOMMODATION_TO_ROOM_1" FOREIGN KEY ("ACM_NUM")
REFERENCES "ACCOMMODATION" ("ACM_NUM");

ALTER TABLE "ROOMIMG" ADD CONSTRAINT "FK_ROOM_TO_ROOMIMG_1" FOREIGN KEY ("ROOM_NUM")
REFERENCES "ROOM" ("ROOM_NUM");

ALTER TABLE "REVIEW" ADD CONSTRAINT "FK_MEMBER_TO_REVIEW_1" FOREIGN KEY ("MEM_NUM")
REFERENCES "MEMBER" ("MEM_NUM");

ALTER TABLE "REVIEW" ADD CONSTRAINT "FK_ACCOMMODATION_TO_REVIEW_1" FOREIGN KEY ("ACM_NUM")
REFERENCES "ACCOMMODATION" ("ACM_NUM");

ALTER TABLE "RESERVATION" ADD CONSTRAINT "FK_MEMBER_TO_RESERVATION_1" FOREIGN KEY ("MEM_NUM")
REFERENCES "MEMBER" ("MEM_NUM");

ALTER TABLE "RESERVATION" ADD CONSTRAINT "FK_ROOM_TO_RESERVATION_1" FOREIGN KEY ("ROOM_NUM")
REFERENCES "ROOM" ("ROOM_NUM");

ALTER TABLE "PAYMENT" ADD CONSTRAINT "FK_RESERVATION_TO_PAYMENT_1" FOREIGN KEY ("RESERV_NUM")
REFERENCES "RESERVATION" ("RESERV_NUM");

ALTER TABLE "TOURSPOTIMG" ADD CONSTRAINT "FK_TOURSPOT_TO_TOURSPOTIMG_1" FOREIGN KEY ("SPOT_NUM")
REFERENCES "TOURSPOT" ("SPOT_NUM");

ALTER TABLE "REPLY" ADD CONSTRAINT "FK_REVIEW_TO_REPLY_1" FOREIGN KEY ("REVIEW_NUM")
REFERENCES "REVIEW" ("REVIEW_NUM");

ALTER TABLE "REPLY" ADD CONSTRAINT "FK_MEMBER_TO_REPLY_1" FOREIGN KEY ("MEM_NUM")
REFERENCES "MEMBER" ("MEM_NUM");

ALTER TABLE "WISHLIST" ADD CONSTRAINT "FK_MEMBER_TO_WISHLIST_1" FOREIGN KEY ("MEM_NUM")
REFERENCES "MEMBER" ("MEM_NUM");

ALTER TABLE "WISHLIST" ADD CONSTRAINT "FK_ACCOMMODATION_TO_WISHLIST_1" FOREIGN KEY ("ACM_NUM")
REFERENCES "ACCOMMODATION" ("ACM_NUM");

ALTER TABLE "QNA" ADD CONSTRAINT "FK_MEMBER_TO_QNA_1" FOREIGN KEY ("MEM_NUM")
REFERENCES "MEMBER" ("MEM_NUM");

ALTER TABLE "ANSWER" ADD CONSTRAINT "FK_QNA_TO_ANSWER_1" FOREIGN KEY ("QNA_NUM")
REFERENCES "QNA" ("QNA_NUM");

ALTER TABLE "POWER" ADD CONSTRAINT "FK_ACCOMMODATION_TO_POWER_1" FOREIGN KEY ("ACM_NUM")
REFERENCES "ACCOMMODATION" ("ACM_NUM");

ALTER TABLE "POWER" ADD CONSTRAINT "FK_PAYMENT_TO_POWER_1" FOREIGN KEY ("PAY_NUM")
REFERENCES "PAYMENT" ("PAY_NUM");






-- SEQ

CREATE SEQUENCE NATION_SEQ
START WITH 24;
CREATE SEQUENCE MEMBER_SEQ
START WITH 18;
CREATE SEQUENCE ACM_SEQ
START WITH 46;
CREATE SEQUENCE ACMIMG_SEQ;
CREATE SEQUENCE ROOM_SEQ
START WITH 26;
CREATE SEQUENCE ROOMIMG_SEQ;
CREATE SEQUENCE REVIEW_SEQ;
CREATE SEQUENCE RESERVATION_SEQ;
CREATE SEQUENCE PAYMENT_SEQ;
CREATE SEQUENCE TOURSPOT_SEQ;
CREATE SEQUENCE TOURSPOTIMG_SEQ;
CREATE SEQUENCE REPLY_SEQ;
CREATE SEQUENCE WISHLIST_SEQ;
CREATE SEQUENCE QNA_SEQ;
CREATE SEQUENCE ANSWER_SEQ;
CREATE SEQUENCE POWER_SEQ;
CREATE SEQUENCE NOTICE_SEQ;




-- TRG





-- TEST DATA

-- INSERT INTO MEMBER VALUES(1,'TEST@NAVER.COM','1234','테스트','M','01012345678',1,NULL,'U','Y',SYSDATE,NULL,DEFAULT);

-- INSERT INTO NATION VALUES(1,'KOR','PATH');



-- DATA


-- NATION --------------------------------------------------------------------------

INSERT INTO NATION (NATION_CODE, NATION_NAME, IMG_PATH) 
VALUES (1.0, 'KOR', 'resources/images/nation/kr.png');

INSERT INTO NATION (NATION_CODE, NATION_NAME, IMG_PATH) 
VALUES (2.0, 'MEX', 'resources/images/nation/mx.png');

INSERT INTO NATION (NATION_CODE, NATION_NAME, IMG_PATH) 
VALUES (3.0, 'DNK', 'resources/images/nation/dk.png');

INSERT INTO NATION (NATION_CODE, NATION_NAME, IMG_PATH) 
VALUES (4.0, 'USA', 'resources/images/nation/us.png');

INSERT INTO NATION (NATION_CODE, NATION_NAME, IMG_PATH) 
VALUES (5.0, 'RUS', 'resources/images/nation/ru.png');

INSERT INTO NATION (NATION_CODE, NATION_NAME, IMG_PATH) 
VALUES (6.0, 'BRA', 'resources/images/nation/br.png');

INSERT INTO NATION (NATION_CODE, NATION_NAME, IMG_PATH) 
VALUES (7.0, 'CHN', 'resources/images/nation/cn.png');

INSERT INTO NATION (NATION_CODE, NATION_NAME, IMG_PATH) 
VALUES (8.0, 'JPN', 'resources/images/nation/jp.png');

INSERT INTO NATION (NATION_CODE, NATION_NAME, IMG_PATH) 
VALUES (9.0, 'GER', 'resources/images/nation/de.png');

INSERT INTO NATION (NATION_CODE, NATION_NAME, IMG_PATH) 
VALUES (10.0, 'ESP', 'resources/images/nation/es.png');

INSERT INTO NATION (NATION_CODE, NATION_NAME, IMG_PATH) 
VALUES (11.0, 'FRA', 'resources/images/nation/fr.png');

INSERT INTO NATION (NATION_CODE, NATION_NAME, IMG_PATH) 
VALUES (12.0, 'UK', 'resources/images/nation/gb.png');

INSERT INTO NATION (NATION_CODE, NATION_NAME, IMG_PATH) 
VALUES (13.0, 'BEG', 'resources/images/nation/be.png');

INSERT INTO NATION (NATION_CODE, NATION_NAME, IMG_PATH) 
VALUES (14.0, 'ARG', 'resources/images/nation/ar.png');

INSERT INTO NATION (NATION_CODE, NATION_NAME, IMG_PATH) 
VALUES (15.0, 'CAN', 'resources/images/nation/ca.png');

INSERT INTO NATION (NATION_CODE, NATION_NAME, IMG_PATH) 
VALUES (16.0, 'HNK', 'resources/images/nation/hk.png');

INSERT INTO NATION (NATION_CODE, NATION_NAME, IMG_PATH) 
VALUES (17.0, 'AUS', 'resources/images/nation/au.png');

INSERT INTO NATION (NATION_CODE, NATION_NAME, IMG_PATH) 
VALUES (18.0, 'ITA', 'resources/images/nation/it.png');

INSERT INTO NATION (NATION_CODE, NATION_NAME, IMG_PATH) 
VALUES (19.0, 'POR', 'resources/images/nation/pt.png');

INSERT INTO NATION (NATION_CODE, NATION_NAME, IMG_PATH) 
VALUES (20.0, 'VET', 'resources/images/nation/vn.png');

INSERT INTO NATION (NATION_CODE, NATION_NAME, IMG_PATH) 
VALUES (21.0, 'TIW', 'resources/images/nation/tw.png');

INSERT INTO NATION (NATION_CODE, NATION_NAME, IMG_PATH) 
VALUES (22.0, 'NED', 'resources/images/nation/nl.png');

INSERT INTO NATION (NATION_CODE, NATION_NAME, IMG_PATH) 
VALUES (23.0, 'NOR', 'resources/images/nation/no.png');

-------------------------------------------------------------------------------------

-- MEMBER ---------------------------------------------------------------------------

INSERT INTO MEMBER (MEM_NUM, MEM_ID, MEM_PWD, MEM_NAME, MEM_GENDER, MEM_PHONE, NATION_CODE, MEM_POINT, MEM_TYPE, MEM_STATUS, ENROLL_DATE, OUT_DATE, NOSHOW) 
VALUES (1.0, 'admin', 'admin', 'ADMIN', 'M', '01012340001', 1.0, 0.0, 'A', 'Y', SYSDATE, NULL, 0.0);

INSERT INTO MEMBER (MEM_NUM, MEM_ID, MEM_PWD, MEM_NAME, MEM_GENDER, MEM_PHONE, NATION_CODE, MEM_POINT, MEM_TYPE, MEM_STATUS, ENROLL_DATE, OUT_DATE, NOSHOW) 
VALUES (2.0, 'owner', 'owner', 'OWNER', 'M', '01012340002', 2.0, 0.0, 'O', 'Y', SYSDATE, NULL, 0.0);

INSERT INTO MEMBER (MEM_NUM, MEM_ID, MEM_PWD, MEM_NAME, MEM_GENDER, MEM_PHONE, NATION_CODE, MEM_POINT, MEM_TYPE, MEM_STATUS, ENROLL_DATE, OUT_DATE, NOSHOW) 
VALUES (3.0, 'user', 'user', 'USER', 'M', '01012340003', 1.0, 0.0, 'U', 'Y', SYSDATE, NULL, 0.0);

INSERT INTO MEMBER (MEM_NUM, MEM_ID, MEM_PWD, MEM_NAME, MEM_GENDER, MEM_PHONE, NATION_CODE, MEM_POINT, MEM_TYPE, MEM_STATUS, ENROLL_DATE, OUT_DATE, NOSHOW) 
VALUES (4.0, 'admin@example.com', 'admin', 'ADMIN', 'M', '01012340004', 1.0, 0.0, 'A', 'Y', SYSDATE, NULL, 0.0);

INSERT INTO MEMBER (MEM_NUM, MEM_ID, MEM_PWD, MEM_NAME, MEM_GENDER, MEM_PHONE, NATION_CODE, MEM_POINT, MEM_TYPE, MEM_STATUS, ENROLL_DATE, OUT_DATE, NOSHOW) 
VALUES (5.0, 'owner@example.com', 'owner', 'OWNER', 'M', '01012340005', 1.0, 0.0, 'O', 'Y', SYSDATE, NULL, 0.0);

INSERT INTO MEMBER (MEM_NUM, MEM_ID, MEM_PWD, MEM_NAME, MEM_GENDER, MEM_PHONE, NATION_CODE, MEM_POINT, MEM_TYPE, MEM_STATUS, ENROLL_DATE, OUT_DATE, NOSHOW) 
VALUES (6.0, 'user@example.com', 'user', 'USER', 'M', '01012340006', 1.0, 0.0, 'U', 'Y', SYSDATE, NULL, 0.0);

INSERT INTO MEMBER (MEM_NUM, MEM_ID, MEM_PWD, MEM_NAME, MEM_GENDER, MEM_PHONE, NATION_CODE, MEM_POINT, MEM_TYPE, MEM_STATUS, ENROLL_DATE, OUT_DATE, NOSHOW) 
VALUES (7.0, 'id001@naver.com', 'pw001', 'NAME01', 'F', '01012340007', 3.0, 350.0, 'O', 'Y', SYSDATE, NULL, 1.0);

INSERT INTO MEMBER (MEM_NUM, MEM_ID, MEM_PWD, MEM_NAME, MEM_GENDER, MEM_PHONE, NATION_CODE, MEM_POINT, MEM_TYPE, MEM_STATUS, ENROLL_DATE, OUT_DATE, NOSHOW) 
VALUES (8.0, 'id002@naver.com', 'pw002', 'NAME02', 'M', '01012340008', 4.0, 155.0, 'O', 'Y', SYSDATE, NULL, 0.0);

INSERT INTO MEMBER (MEM_NUM, MEM_ID, MEM_PWD, MEM_NAME, MEM_GENDER, MEM_PHONE, NATION_CODE, MEM_POINT, MEM_TYPE, MEM_STATUS, ENROLL_DATE, OUT_DATE, NOSHOW) 
VALUES (9.0, 'id003@naver.com', 'pw003', 'NAME03', 'F', '01012340009', 5.0, 195.0, 'O', 'Y', SYSDATE, NULL, 2.0);

INSERT INTO MEMBER (MEM_NUM, MEM_ID, MEM_PWD, MEM_NAME, MEM_GENDER, MEM_PHONE, NATION_CODE, MEM_POINT, MEM_TYPE, MEM_STATUS, ENROLL_DATE, OUT_DATE, NOSHOW) 
VALUES (10.0, 'id004@naver.com', 'pw004', 'NAME04', 'F', '01012340010', 6.0, 483.0, 'O', 'Y', SYSDATE, NULL, 1.0);

INSERT INTO MEMBER (MEM_NUM, MEM_ID, MEM_PWD, MEM_NAME, MEM_GENDER, MEM_PHONE, NATION_CODE, MEM_POINT, MEM_TYPE, MEM_STATUS, ENROLL_DATE, OUT_DATE, NOSHOW) 
VALUES (11.0, 'id005@naver.com', 'pw005', 'NAME05', 'M', '01012340011', 1.0, 150.0, 'O', 'Y', SYSDATE, NULL, 0.0);

INSERT INTO MEMBER (MEM_NUM, MEM_ID, MEM_PWD, MEM_NAME, MEM_GENDER, MEM_PHONE, NATION_CODE, MEM_POINT, MEM_TYPE, MEM_STATUS, ENROLL_DATE, OUT_DATE, NOSHOW) 
VALUES (12.0, 'id006@naver.com', 'pw006', 'NAME06', 'M', '01012340012', 3.0, 200.0, 'U', 'Y', SYSDATE, NULL, 1.0);

INSERT INTO MEMBER (MEM_NUM, MEM_ID, MEM_PWD, MEM_NAME, MEM_GENDER, MEM_PHONE, NATION_CODE, MEM_POINT, MEM_TYPE, MEM_STATUS, ENROLL_DATE, OUT_DATE, NOSHOW) 
VALUES (13.0, 'id007@naver.com', 'pw007', 'NAME07', 'M', '01012340013', 3.0, 424.0, 'U', 'Y', SYSDATE, NULL, 2.0);

INSERT INTO MEMBER (MEM_NUM, MEM_ID, MEM_PWD, MEM_NAME, MEM_GENDER, MEM_PHONE, NATION_CODE, MEM_POINT, MEM_TYPE, MEM_STATUS, ENROLL_DATE, OUT_DATE, NOSHOW) 
VALUES (14.0, 'id008@naver.com', 'pw008', 'NAME08', 'M', '01012340014', 4.0, 133.0, 'U', 'Y', SYSDATE, NULL, 0.0);

INSERT INTO MEMBER (MEM_NUM, MEM_ID, MEM_PWD, MEM_NAME, MEM_GENDER, MEM_PHONE, NATION_CODE, MEM_POINT, MEM_TYPE, MEM_STATUS, ENROLL_DATE, OUT_DATE, NOSHOW) 
VALUES (15.0, 'id009@naver.com', 'pw009', 'NAME09', 'F', '01012340015', 1.0, 92.0, 'U', 'Y', SYSDATE, NULL, 1.0);

INSERT INTO MEMBER (MEM_NUM, MEM_ID, MEM_PWD, MEM_NAME, MEM_GENDER, MEM_PHONE, NATION_CODE, MEM_POINT, MEM_TYPE, MEM_STATUS, ENROLL_DATE, OUT_DATE, NOSHOW) 
VALUES (16.0, 'id010@naver.com', 'pw010', 'NAME10', 'F', '01012340016', 2.0, 0.0, 'U', 'Y', SYSDATE, NULL, 0.0);

INSERT INTO MEMBER (MEM_NUM, MEM_ID, MEM_PWD, MEM_NAME, MEM_GENDER, MEM_PHONE, NATION_CODE, MEM_POINT, MEM_TYPE, MEM_STATUS, ENROLL_DATE, OUT_DATE, NOSHOW) 
VALUES (17.0, 'jtbc@jtbc.com', 'jtbc', 'JTBC', 'M', '27516000', 1.0, 0.0, 'O', 'Y', SYSDATE, NULL, 0.0);

-------------------------------------------------------------------------------------------------

-- ACCOMMODATION-------------------------------------------------------------------------------


INSERT INTO ACCOMMODATION (ACM_NUM, ACM_NAME, OWNER_NUM, ACM_PHONE, ACM_ADDRESS, ACM_TYPE, ACM_GRADE, ACM_DESCRIPT_A, ACM_DESCRIPT_B, ACM_COORD_X, ACM_COORD_Y, ACM_DISTRICT, ACM_POWER, ACM_STATUS) 
VALUES (1.0, '제주 신라호텔', 2.0, '0647355114', '제주특별자치도 서귀포시 중문관광로72번길 75', 'H', 5.0, '카지노+실내 수영장 및 2개의 야외 수영장+프리미엄 뷔페 조식+무료 공항 셔틀+헬스클럽+스파 서비스+컨퍼런스 룸+키즈 클럽+무료WiFi+무료 주차', '24시간 리셉션+룸 서비스+외국어 구사 직원+세탁 서비스,환전+유아용 식탁 의자', '33.247636', '126.407962', '서귀포', 'N', 'Y');

INSERT INTO ACCOMMODATION (ACM_NUM, ACM_NAME, OWNER_NUM, ACM_PHONE, ACM_ADDRESS, ACM_TYPE, ACM_GRADE, ACM_DESCRIPT_A, ACM_DESCRIPT_B, ACM_COORD_X, ACM_COORD_Y, ACM_DISTRICT, ACM_POWER, ACM_STATUS) 
VALUES (2.0, '베스트웨스턴 제주호텔', 6.0, '0647976000', '제주특별자치도 제주시 도령로 27', 'H', 4.0, '컨퍼런스 센터+아침 식사 가능+콘시어지 서비스+다국어 구사 가능 직원+무료 신문+매일 하우스키핑+무료 WiFi+무료 주차', '냉장고+무료 세면용품+무료 커피 제공+세탁 서비스', '33.487903', '126.481906', '제주', 'N', 'Y');

INSERT INTO ACCOMMODATION (ACM_NUM, ACM_NAME, OWNER_NUM, ACM_PHONE, ACM_ADDRESS, ACM_TYPE, ACM_GRADE, ACM_DESCRIPT_A, ACM_DESCRIPT_B, ACM_COORD_X, ACM_COORD_Y, ACM_DISTRICT, ACM_POWER, ACM_STATUS) 
VALUES (3.0, '히든 클리프 호텔네이쳐', 5.0, '0647527777', '제주특별자치도 서귀포시 예래해안로 542', 'H', 5.0, '야외 수영장 및 유수풀+3개 레스토랑+무료 키즈 클럽+아침 식사 가능+헬스 클럽+비즈니스 센터+정원+무료 WiFi+무료 주차', '24시간 리셉션+룸 서비스+시설 내 놀이터+전용 욕실+프리미엄 TV 채널+매일 하우스 키핑', '33.25515', '126.402353', '서귀포', 'N', 'Y');

INSERT INTO ACCOMMODATION (ACM_NUM, ACM_NAME, OWNER_NUM, ACM_PHONE, ACM_ADDRESS, ACM_TYPE, ACM_GRADE, ACM_DESCRIPT_A, ACM_DESCRIPT_B, ACM_COORD_X, ACM_COORD_Y, ACM_DISTRICT, ACM_POWER, ACM_STATUS) 
VALUES (4.0, '호텔 리젠트 마린', 7.0, '027775080', '제주특별자치도 제주시 서부두 2길 20', 'H', 4.0, '레스토랑+야외 수영장+아침 식사 가능+24시간 운영 프런트 데스크+매일 하우스키핑+편의점+다국어 구사 가능 직원+무료 WiFi+무료 주차', '어린이 수영장+냉장고+전용 욕실+무료 세면용품', '33.517717', '126.526809', '제주', 'N', 'Y');

INSERT INTO ACCOMMODATION (ACM_NUM, ACM_NAME, OWNER_NUM, ACM_PHONE, ACM_ADDRESS, ACM_TYPE, ACM_GRADE, ACM_DESCRIPT_A, ACM_DESCRIPT_B, ACM_COORD_X, ACM_COORD_Y, ACM_DISTRICT, ACM_POWER, ACM_STATUS) 
VALUES (5.0, '엠스테이 호텔 제주', 8.0, '0648006000', '제주특별자치도 서귀포시 서귀동 829-5', 'H', 4.0, '레스토랑+야외 수영장+아침 식사 가능+피트니스 센터+매일 하우스키핑+편의점+정원+ATM/은행 서비스+회의실+무료 WiFi+무료 주차', '냉장고+전용 욕실+정원+케이블 TV 서비스', '33.247083', '126.56089', '서귀포', 'N', 'Y');

INSERT INTO ACCOMMODATION (ACM_NUM, ACM_NAME, OWNER_NUM, ACM_PHONE, ACM_ADDRESS, ACM_TYPE, ACM_GRADE, ACM_DESCRIPT_A, ACM_DESCRIPT_B, ACM_COORD_X, ACM_COORD_Y, ACM_DISTRICT, ACM_POWER, ACM_STATUS) 
VALUES (6.0, '골든튤립 제주성산호텔', 9.0, '0647447500', '제주특별자치도 서귀포시 성산읍 고성리 329-1', 'H', 4.0, '레스토랑+수영장 바+야외 수영장+아침 식사 가능+24시간 운영 프런트 데스크+매일 하우스키핑+무료 WiFi+무료 주차', '냉장고+전용 욕실+무료 세면용품+매일 하우스키핑+욕조+샤워 부스', '33.448163', '126.916212', '서귀포', 'N', 'Y');

INSERT INTO ACCOMMODATION (ACM_NUM, ACM_NAME, OWNER_NUM, ACM_PHONE, ACM_ADDRESS, ACM_TYPE, ACM_GRADE, ACM_DESCRIPT_A, ACM_DESCRIPT_B, ACM_COORD_X, ACM_COORD_Y, ACM_DISTRICT, ACM_POWER, ACM_STATUS) 
VALUES (7.0, '메종 글래드 제주', 10.0, '0647475000', '제주특별자치도 제주시 연동 263-15', 'H', 5.0, '카지노+2개 레스토랑+아침 식사 가능+무료 공항 셔틀+시즌별로 운영되는 야외 수영장+피트니스 센터+스파 서비스+키즈 클럽+24시간 운영 프런트 데스크+무료 WiFi+무료 주차', '어린이 수영장+키즈 클럽(요금 별도)+냉장고+무료 세면용품+정원+테라스', '33.484874', '126.488673', '제주', 'N', 'Y');

INSERT INTO ACCOMMODATION (ACM_NUM, ACM_NAME, OWNER_NUM, ACM_PHONE, ACM_ADDRESS, ACM_TYPE, ACM_GRADE, ACM_DESCRIPT_A, ACM_DESCRIPT_B, ACM_COORD_X, ACM_COORD_Y, ACM_DISTRICT, ACM_POWER, ACM_STATUS) 
VALUES (8.0, '호텔난타', 11.0, '0647271800', '제주특별자치도 제주시 선돌목동길 56-26', 'H', 4.0, '24시간 운영 프런트 데스크+아침 식사 가능+피트니스 센터+컨퍼런스 센터+매일 하우스키핑+편의점+다국어 구사 가능 직원+무료 WiFi+무료 주차', '냉장고+전용 욕실+무료 세면용품+매일 하우스키핑+암막커튼', '33.445729', '126.547792', '제주', 'N', 'Y');

INSERT INTO ACCOMMODATION (ACM_NUM, ACM_NAME, OWNER_NUM, ACM_PHONE, ACM_ADDRESS, ACM_TYPE, ACM_GRADE, ACM_DESCRIPT_A, ACM_DESCRIPT_B, ACM_COORD_X, ACM_COORD_Y, ACM_DISTRICT, ACM_POWER, ACM_STATUS) 
VALUES (45.0, '효리네 민박', 17.0, '0647891234', '제주특별자치도 제주시 애월읍 소길남길 34-37', 'M', 1.0, '무료 WiFi+무료 주차+무료 커피', '노천 히노끼탕+가정식 공동주방+각종 고양이 강아지', '33.429763', '126.375445', '제주', 'N', 'Y');

--------------------------------------------------------------------------------------

-- ACM IMG---------------------------------------------------


INSERT INTO ACMIMG (IMG_NUM, IMG_PATH, ACM_NUM, STATUS) 
VALUES (ACMIMG_SEQ.NEXTVAL, 'https://edge.media.datahc.com/HI574124994.jpg', 1.0, 0.0);

INSERT INTO ACMIMG (IMG_NUM, IMG_PATH, ACM_NUM, STATUS) 
VALUES (ACMIMG_SEQ.NEXTVAL, 'https://edge.media.datahc.com/HI569101877.jpg', 1.0, 1.0);

INSERT INTO ACMIMG (IMG_NUM, IMG_PATH, ACM_NUM, STATUS) 
VALUES (ACMIMG_SEQ.NEXTVAL, 'https://edge.media.datahc.com/HI551100477.jpg', 1.0, 1.0);

INSERT INTO ACMIMG (IMG_NUM, IMG_PATH, ACM_NUM, STATUS) 
VALUES (ACMIMG_SEQ.NEXTVAL, 'https://edge.media.datahc.com/HI564948421.jpg', 1.0, 1.0);

INSERT INTO ACMIMG (IMG_NUM, IMG_PATH, ACM_NUM, STATUS) 
VALUES (ACMIMG_SEQ.NEXTVAL, 'https://edge.media.datahc.com/HI569101878.jpg', 1.0, 1.0);

INSERT INTO ACMIMG (IMG_NUM, IMG_PATH, ACM_NUM, STATUS) 
VALUES (ACMIMG_SEQ.NEXTVAL, 'https://edge.media.datahc.com/HI402149146.jpg', 2.0, 0.0);

INSERT INTO ACMIMG (IMG_NUM, IMG_PATH, ACM_NUM, STATUS) 
VALUES (ACMIMG_SEQ.NEXTVAL, 'https://edge.media.datahc.com/HI402148413.jpg', 2.0, 1.0);

INSERT INTO ACMIMG (IMG_NUM, IMG_PATH, ACM_NUM, STATUS) 
VALUES (ACMIMG_SEQ.NEXTVAL, 'https://edge.media.datahc.com/HI402148411.jpg', 2.0, 1.0);

INSERT INTO ACMIMG (IMG_NUM, IMG_PATH, ACM_NUM, STATUS) 
VALUES (ACMIMG_SEQ.NEXTVAL, 'https://thumbnails.trvl-media.com/0O97GTKdh-0PmvCFEuFb2A_foIc=/773x530/smart/filters:quality(60)/exp.cdn-hotels.com/hotels/4000000/3300000/3297200/3297104/a57d03c5_z.jpg', 2.0, 1.0);

INSERT INTO ACMIMG (IMG_NUM, IMG_PATH, ACM_NUM, STATUS) 
VALUES (ACMIMG_SEQ.NEXTVAL, 'https://thumbnails.trvl-media.com/ebRSCezpO_H5eYSJ-4IPBu_CSMk=/773x530/smart/filters:quality(60)/exp.cdn-hotels.com/hotels/4000000/3300000/3297200/3297104/37d6ac6c_z.jpg', 2.0, 1.0);

INSERT INTO ACMIMG (IMG_NUM, IMG_PATH, ACM_NUM, STATUS) 
VALUES (ACMIMG_SEQ.NEXTVAL, 'https://edge.media.datahc.com/HI379886678.jpg', 3.0, 0.0);

INSERT INTO ACMIMG (IMG_NUM, IMG_PATH, ACM_NUM, STATUS) 
VALUES (ACMIMG_SEQ.NEXTVAL, 'https://edge.media.datahc.com/HI403463883.jpg', 3.0, 1.0);

INSERT INTO ACMIMG (IMG_NUM, IMG_PATH, ACM_NUM, STATUS) 
VALUES (ACMIMG_SEQ.NEXTVAL, 'https://edge.media.datahc.com/HI403463889.jpg', 3.0, 1.0);

INSERT INTO ACMIMG (IMG_NUM, IMG_PATH, ACM_NUM, STATUS) 
VALUES (ACMIMG_SEQ.NEXTVAL, 'https://edge.media.datahc.com/HI577468048.jpg', 3.0, 1.0);

INSERT INTO ACMIMG (IMG_NUM, IMG_PATH, ACM_NUM, STATUS) 
VALUES (ACMIMG_SEQ.NEXTVAL, 'https://edge.media.datahc.com/HI403463899.jpg', 3.0, 1.0);

INSERT INTO ACMIMG (IMG_NUM, IMG_PATH, ACM_NUM, STATUS) 
VALUES (ACMIMG_SEQ.NEXTVAL, 'https://edge.media.datahc.com/HI557269113.jpg', 4.0, 0.0);

INSERT INTO ACMIMG (IMG_NUM, IMG_PATH, ACM_NUM, STATUS) 
VALUES (ACMIMG_SEQ.NEXTVAL, 'https://edge.media.datahc.com/HI379814969.jpg', 4.0, 1.0);

INSERT INTO ACMIMG (IMG_NUM, IMG_PATH, ACM_NUM, STATUS) 
VALUES (ACMIMG_SEQ.NEXTVAL, 'https://edge.media.datahc.com/HI557269118.jpg', 4.0, 1.0);

INSERT INTO ACMIMG (IMG_NUM, IMG_PATH, ACM_NUM, STATUS) 
VALUES (ACMIMG_SEQ.NEXTVAL, 'https://edge.media.datahc.com/HI557269122.jpg', 4.0, 1.0);

INSERT INTO ACMIMG (IMG_NUM, IMG_PATH, ACM_NUM, STATUS) 
VALUES (ACMIMG_SEQ.NEXTVAL, 'https://edge.media.datahc.com/HI557269124.jpg', 4.0, 1.0);

INSERT INTO ACMIMG (IMG_NUM, IMG_PATH, ACM_NUM, STATUS) 
VALUES (ACMIMG_SEQ.NEXTVAL, 'https://edge.media.datahc.com/HI368553987.jpg', 5.0, 0.0);

INSERT INTO ACMIMG (IMG_NUM, IMG_PATH, ACM_NUM, STATUS) 
VALUES (ACMIMG_SEQ.NEXTVAL, 'https://edge.media.datahc.com/HI567084604.jpg', 5.0, 1.0);

INSERT INTO ACMIMG (IMG_NUM, IMG_PATH, ACM_NUM, STATUS) 
VALUES (ACMIMG_SEQ.NEXTVAL, 'https://edge.media.datahc.com/HI529394313.jpg', 5.0, 1.0);

INSERT INTO ACMIMG (IMG_NUM, IMG_PATH, ACM_NUM, STATUS) 
VALUES (ACMIMG_SEQ.NEXTVAL, 'https://edge.media.datahc.com/HI368553989.jpg', 5.0, 1.0);

INSERT INTO ACMIMG (IMG_NUM, IMG_PATH, ACM_NUM, STATUS) 
VALUES (ACMIMG_SEQ.NEXTVAL, 'https://edge.media.datahc.com/HI379305234.jpg', 5.0, 1.0);

INSERT INTO ACMIMG (IMG_NUM, IMG_PATH, ACM_NUM, STATUS) 
VALUES (ACMIMG_SEQ.NEXTVAL, 'https://thumbnails.trvl-media.com/bIIKU9Z3xItZfrP1YB2EWzEDuj8=/773x530/smart/filters:quality(60)/exp.cdn-hotels.com/hotels/20000000/19270000/19264700/19264649/04e4b547_z.jpg', 6.0, 0.0);

INSERT INTO ACMIMG (IMG_NUM, IMG_PATH, ACM_NUM, STATUS) 
VALUES (ACMIMG_SEQ.NEXTVAL, 'https://thumbnails.trvl-media.com/m1iC13-cIw8-x50Me8_5VNWiRH4=/773x530/smart/filters:quality(60)/exp.cdn-hotels.com/hotels/20000000/19270000/19264700/19264649/b44fa2d7_z.jpg', 6.0, 1.0);

INSERT INTO ACMIMG (IMG_NUM, IMG_PATH, ACM_NUM, STATUS) 
VALUES (ACMIMG_SEQ.NEXTVAL, 'https://thumbnails.trvl-media.com/RVz2BFzk2qMn1LD_dlQUAO8h4M8=/773x530/smart/filters:quality(60)/exp.cdn-hotels.com/hotels/20000000/19270000/19264700/19264649/ddf2b336_z.jpg', 6.0, 1.0);

INSERT INTO ACMIMG (IMG_NUM, IMG_PATH, ACM_NUM, STATUS) 
VALUES (ACMIMG_SEQ.NEXTVAL, 'https://thumbnails.trvl-media.com/FpmzbBXJIMCzbOUBzzQ4LVJwE9A=/773x530/smart/filters:quality(60)/exp.cdn-hotels.com/hotels/20000000/19270000/19264700/19264649/d710fe3e_z.jpg', 6.0, 1.0);

INSERT INTO ACMIMG (IMG_NUM, IMG_PATH, ACM_NUM, STATUS) 
VALUES (ACMIMG_SEQ.NEXTVAL, 'https://thumbnails.trvl-media.com/PjUBKoUPRWRdpHl8wDSEXXEU1h0=/773x530/smart/filters:quality(60)/exp.cdn-hotels.com/hotels/20000000/19270000/19264700/19264649/feffc9fb_z.jpg', 6.0, 1.0);

INSERT INTO ACMIMG (IMG_NUM, IMG_PATH, ACM_NUM, STATUS) 
VALUES (ACMIMG_SEQ.NEXTVAL, 'https://thumbnails.trvl-media.com/n0McpDJZP_OAficSUDKMsseyuBM=/773x530/smart/filters:quality(60)/exp.cdn-hotels.com/hotels/3000000/2860000/2856500/2856414/c5838605_z.jpg', 7.0, 0.0);

INSERT INTO ACMIMG (IMG_NUM, IMG_PATH, ACM_NUM, STATUS) 
VALUES (ACMIMG_SEQ.NEXTVAL, 'https://thumbnails.trvl-media.com/o0eC1B0gZ8VI4lfqsXjunI5CaaI=/773x530/smart/filters:quality(60)/exp.cdn-hotels.com/hotels/3000000/2860000/2856500/2856414/762aaa81_z.jpg', 7.0, 1.0);

INSERT INTO ACMIMG (IMG_NUM, IMG_PATH, ACM_NUM, STATUS) 
VALUES (ACMIMG_SEQ.NEXTVAL, 'https://thumbnails.trvl-media.com/ombHKsE4gfTUVGzf0rg1jK70sRo=/773x530/smart/filters:quality(60)/exp.cdn-hotels.com/hotels/3000000/2860000/2856500/2856414/161e6473_z.jpg', 7.0, 1.0);

INSERT INTO ACMIMG (IMG_NUM, IMG_PATH, ACM_NUM, STATUS) 
VALUES (ACMIMG_SEQ.NEXTVAL, 'https://thumbnails.trvl-media.com/QnQstH_4Xc3whQVgJnFKaEN-ohc=/773x530/smart/filters:quality(60)/exp.cdn-hotels.com/hotels/3000000/2860000/2856500/2856414/d330886f_z.jpg', 7.0, 1.0);

INSERT INTO ACMIMG (IMG_NUM, IMG_PATH, ACM_NUM, STATUS) 
VALUES (ACMIMG_SEQ.NEXTVAL, 'https://thumbnails.trvl-media.com/h8H35VPu3pU5UlMsF9dtJwaN98Y=/773x530/smart/filters:quality(60)/exp.cdn-hotels.com/hotels/3000000/2860000/2856500/2856414/51573ff6_z.jpg', 7.0, 1.0);

INSERT INTO ACMIMG (IMG_NUM, IMG_PATH, ACM_NUM, STATUS) 
VALUES (ACMIMG_SEQ.NEXTVAL, 'https://edge.media.datahc.com/HI573041362.jpg', 8.0, 0.0);

INSERT INTO ACMIMG (IMG_NUM, IMG_PATH, ACM_NUM, STATUS) 
VALUES (ACMIMG_SEQ.NEXTVAL, 'https://edge.media.datahc.com/HI573041365.jpg', 8.0, 1.0);

INSERT INTO ACMIMG (IMG_NUM, IMG_PATH, ACM_NUM, STATUS) 
VALUES (ACMIMG_SEQ.NEXTVAL, 'https://edge.media.datahc.com/HI367874542.jpg', 8.0, 1.0);

INSERT INTO ACMIMG (IMG_NUM, IMG_PATH, ACM_NUM, STATUS) 
VALUES (ACMIMG_SEQ.NEXTVAL, 'https://edge.media.datahc.com/HI367874539.jpg', 8.0, 1.0);

INSERT INTO ACMIMG (IMG_NUM, IMG_PATH, ACM_NUM, STATUS) 
VALUES (ACMIMG_SEQ.NEXTVAL, 'https://img.insight.co.kr/static/2017/08/18/700/8s9rf750lke520ywpe3h.jpg', 45.0, 0.0);

INSERT INTO ACMIMG (IMG_NUM, IMG_PATH, ACM_NUM, STATUS) 
VALUES (ACMIMG_SEQ.NEXTVAL, 'https://mblogthumb-phinf.pstatic.net/MjAxODAyMTFfMjQ3/MDAxNTE4MzI1OTEwMjM1.SRpFz0M3xyYbWtvO1HDGkT_nBqSWNkYPeciqKGg5PHEg.v1n5XhMxlHrN_EmQ1lX0pvE1eReTDXhTtG5W4F2VL1sg.JPEG.phjphk12/%ED%9A%A8%EB%A6%AC%EB%84%A4%EB%AF%BC%EB%B0%952_%EB%85%B8%EC%B2%9C%ED%83%954.jpg?type=w800', 45.0, 1.0);

INSERT INTO ACMIMG (IMG_NUM, IMG_PATH, ACM_NUM, STATUS) 
VALUES (ACMIMG_SEQ.NEXTVAL, 'http://www.cbiz.kr/news/photo/201808/14483_17454_5339.jpg', 45.0, 1.0);

--------------------------------------------------------------------------------------

-- ROOM ---------------------------------------------------------------------


INSERT INTO ROOM (ROOM_NUM, ACM_NUM, ROOM_NAME, ROOM_PRICE, ROOM_PAX, ROOM_DESCRIPT_A, ROOM_DESCRIPT_B, ROOM_SMOKE) 
VALUES (1.0, 1.0, '스탠다드 더블룸', 520000.0, 4.0, '무료WiFi+무료 조식+무료 주차', '위성TV서비스+고급침구+고급세면용품+냉장고+미니바+스파 욕조', 'N');

INSERT INTO ROOM (ROOM_NUM, ACM_NUM, ROOM_NAME, ROOM_PRICE, ROOM_PAX, ROOM_DESCRIPT_A, ROOM_DESCRIPT_B, ROOM_SMOKE) 
VALUES (2.0, 1.0, '디럭스 트윈룸', 650000.0, 4.0, '무료WiFi+무료 조식+무료 주차', '위성TV서비스+고급침구+고급세면용품+냉장고+미니바+스파 욕조', 'N');

INSERT INTO ROOM (ROOM_NUM, ACM_NUM, ROOM_NAME, ROOM_PRICE, ROOM_PAX, ROOM_DESCRIPT_A, ROOM_DESCRIPT_B, ROOM_SMOKE) 
VALUES (3.0, 1.0, '스위트룸', 3500000.0, 6.0, '무료WiFi+무료 조식+무료 주차', '위성TV서비스+고급침구+고급세면용품+냉장고+미니바+스파 욕조', 'N');

INSERT INTO ROOM (ROOM_NUM, ACM_NUM, ROOM_NAME, ROOM_PRICE, ROOM_PAX, ROOM_DESCRIPT_A, ROOM_DESCRIPT_B, ROOM_SMOKE) 
VALUES (4.0, 2.0, '디럭스 더블룸', 80000.0, 2.0, '무료WiFi+아침 식사 가능+>현장에서 결제+무료 주차', '객실 금고+매일 하우스 키핑+비데+발코니+암막 커튼+룸 서비스(이용 시간 제한)', 'N');

INSERT INTO ROOM (ROOM_NUM, ACM_NUM, ROOM_NAME, ROOM_PRICE, ROOM_PAX, ROOM_DESCRIPT_A, ROOM_DESCRIPT_B, ROOM_SMOKE) 
VALUES (5.0, 2.0, '디럭스 트윈룸', 120000.0, 3.0, '무료WiFi+아침 식사 가능+>현장에서 결제+무료 주차', '객실 금고+매일 하우스 키핑+비데+발코니+암막 커튼+룸 서비스(이용 시간 제한)', 'N');

INSERT INTO ROOM (ROOM_NUM, ACM_NUM, ROOM_NAME, ROOM_PRICE, ROOM_PAX, ROOM_DESCRIPT_A, ROOM_DESCRIPT_B, ROOM_SMOKE) 
VALUES (6.0, 2.0, '스위트룸', 290000.0, 4.0, '무료WiFi+아침 식사 가능+>현장에서 결제+무료 주차', '객실 금고+매일 하우스 키핑+비데+발코니+암막 커튼+룸 서비스(이용 시간 제한)', 'N');

INSERT INTO ROOM (ROOM_NUM, ACM_NUM, ROOM_NAME, ROOM_PRICE, ROOM_PAX, ROOM_DESCRIPT_A, ROOM_DESCRIPT_B, ROOM_SMOKE) 
VALUES (7.0, 3.0, '디럭스 더블룸', 226000.0, 2.0, '무료WiFi+아침 식사 가능+>현장에서 결제+무료 주차', '냉장고+매일 하우스 키핑+무료 생수+무료 세면용품+오리/거위털 이불+케이블 TV 서비스', 'N');

INSERT INTO ROOM (ROOM_NUM, ACM_NUM, ROOM_NAME, ROOM_PRICE, ROOM_PAX, ROOM_DESCRIPT_A, ROOM_DESCRIPT_B, ROOM_SMOKE) 
VALUES (8.0, 3.0, '디럭스 트윈룸', 260000.0, 3.0, '무료WiFi+아침 식사 가능+>현장에서 결제+무료 주차', '냉장고+매일 하우스 키핑+무료 생수+무료 세면용품+오리/거위털 이불+케이블 TV 서비스', 'N');

INSERT INTO ROOM (ROOM_NUM, ACM_NUM, ROOM_NAME, ROOM_PRICE, ROOM_PAX, ROOM_DESCRIPT_A, ROOM_DESCRIPT_B, ROOM_SMOKE) 
VALUES (9.0, 3.0, '스위트룸', 402000.0, 3.0, '무료WiFi+아침 식사 가능+>현장에서 결제+무료 주차', '냉장고+매일 하우스 키핑+무료 생수+무료 세면용품+오리/거위털 이불+케이블 TV 서비스', 'N');

INSERT INTO ROOM (ROOM_NUM, ACM_NUM, ROOM_NAME, ROOM_PRICE, ROOM_PAX, ROOM_DESCRIPT_A, ROOM_DESCRIPT_B, ROOM_SMOKE) 
VALUES (10.0, 4.0, '스탠다드 더블룸', 77000.0, 2.0, '무료WiFi+아침 식사 가능+>현장에서 결제+무료 주차', 'LED TV+객실 금고(노트북 보관 가능)+케이블 TV 서비스+객실 내 온도 조절기+냉장고+비데+목욕가운', 'N');

INSERT INTO ROOM (ROOM_NUM, ACM_NUM, ROOM_NAME, ROOM_PRICE, ROOM_PAX, ROOM_DESCRIPT_A, ROOM_DESCRIPT_B, ROOM_SMOKE) 
VALUES (11.0, 4.0, '슈페리어 트윈룸', 92000.0, 3.0, '무료WiFi+아침 식사 가능+>현장에서 결제+무료 주차', 'LED TV+객실 금고(노트북 보관 가능)+케이블 TV 서비스+객실 내 온도 조절기+냉장고+비데+목욕가운', 'N');

INSERT INTO ROOM (ROOM_NUM, ACM_NUM, ROOM_NAME, ROOM_PRICE, ROOM_PAX, ROOM_DESCRIPT_A, ROOM_DESCRIPT_B, ROOM_SMOKE) 
VALUES (12.0, 4.0, '스위트룸', 243000.0, 2.0, '무료WiFi+아침 식사 가능+>현장에서 결제+무료 주차', 'LED TV+객실 금고(노트북 보관 가능)+케이블 TV 서비스+객실 내 온도 조절기+냉장고+비데+목욕가운', 'N');

INSERT INTO ROOM (ROOM_NUM, ACM_NUM, ROOM_NAME, ROOM_PRICE, ROOM_PAX, ROOM_DESCRIPT_A, ROOM_DESCRIPT_B, ROOM_SMOKE) 
VALUES (13.0, 5.0, '디럭스 더블룸', 60000.0, 2.0, '무료WiFi+무료 조식+무료 주차', '냉장고+무료 생수+매일 하우스키핑+샤워 부스+비데+케이블 TV 서비스', 'N');

INSERT INTO ROOM (ROOM_NUM, ACM_NUM, ROOM_NAME, ROOM_PRICE, ROOM_PAX, ROOM_DESCRIPT_A, ROOM_DESCRIPT_B, ROOM_SMOKE) 
VALUES (14.0, 5.0, '슈피리어 트윈룸', 78000.0, 4.0, '무료WiFi+무료 조식+무료 주차', '냉장고+무료 생수+매일 하우스키핑+샤워 부스+비데+케이블 TV 서비스', 'N');

INSERT INTO ROOM (ROOM_NUM, ACM_NUM, ROOM_NAME, ROOM_PRICE, ROOM_PAX, ROOM_DESCRIPT_A, ROOM_DESCRIPT_B, ROOM_SMOKE) 
VALUES (15.0, 5.0, '프레지덴셜 파티룸', 290000.0, 6.0, '무료WiFi+무료 조식+무료 주차', '냉장고+무료 생수+매일 하우스키핑+샤워 부스+비데+케이블 TV 서비스', 'N');

INSERT INTO ROOM (ROOM_NUM, ACM_NUM, ROOM_NAME, ROOM_PRICE, ROOM_PAX, ROOM_DESCRIPT_A, ROOM_DESCRIPT_B, ROOM_SMOKE) 
VALUES (16.0, 6.0, '디럭스 트리플룸', 61000.0, 3.0, '무료WiFi+무료 조식+무료 주차', '객실 내 온도 조절기+냉장고+노트북 작업 공간+무료 세면용품+전용 욕실+케이블 TV 서비스+무료 WiFi', 'N');

INSERT INTO ROOM (ROOM_NUM, ACM_NUM, ROOM_NAME, ROOM_PRICE, ROOM_PAX, ROOM_DESCRIPT_A, ROOM_DESCRIPT_B, ROOM_SMOKE) 
VALUES (17.0, 6.0, '디럭스 패밀리룸', 70000.0, 3.0, '무료WiFi+무료 조식+무료 주차', '객실 내 온도 조절기+냉장고+노트북 작업 공간+무료 세면용품+전용 욕실+케이블 TV 서비스+무료 WiFi', 'N');

INSERT INTO ROOM (ROOM_NUM, ACM_NUM, ROOM_NAME, ROOM_PRICE, ROOM_PAX, ROOM_DESCRIPT_A, ROOM_DESCRIPT_B, ROOM_SMOKE) 
VALUES (18, 6, '프리미어 킹룸', 92000, 2, '무료WiFi+무료 조식+무료 주차', '객실 내 온도 조절기+냉장고+노트북 작업 공간+무료 세면용품+전용 욕실+케이블 TV 서비스+무료 WiFi', 'N');

INSERT INTO ROOM (ROOM_NUM, ACM_NUM, ROOM_NAME, ROOM_PRICE, ROOM_PAX, ROOM_DESCRIPT_A, ROOM_DESCRIPT_B, ROOM_SMOKE) 
VALUES (19, 7, '스탠다드 더블룸', 170000, 2, '무료WiFi+무료 조식+무료 주차+무료 공항 교통편', 'LCD TV+객실 금고+고급 세면용품+고급 침구+룸 서비스+미니바+비데+무료 WiFi+휠체어로 이용 가능', 'N');

INSERT INTO ROOM (ROOM_NUM, ACM_NUM, ROOM_NAME, ROOM_PRICE, ROOM_PAX, ROOM_DESCRIPT_A, ROOM_DESCRIPT_B, ROOM_SMOKE) 
VALUES (20, 7, '프리미어 트윈룸', 297000, 4, '무료WiFi+무료 조식+무료 주차+무료 공항 교통편', 'LCD TV+객실 금고+고급 세면용품+고급 침구+룸 서비스+미니바+비데+무료 WiFi+휠체어로 이용 가능', 'N');

INSERT INTO ROOM (ROOM_NUM, ACM_NUM, ROOM_NAME, ROOM_PRICE, ROOM_PAX, ROOM_DESCRIPT_A, ROOM_DESCRIPT_B, ROOM_SMOKE) 
VALUES (21, 7, '프레지덴셜 스위트', 990000, 4, '무료WiFi+무료 조식+무료 주차+무료 공항 교통편', 'LCD TV+객실 금고+고급 세면용품+고급 침구+룸 서비스+미니바+비데+무료 WiFi+휠체어로 이용 가능', 'N');

INSERT INTO ROOM (ROOM_NUM, ACM_NUM, ROOM_NAME, ROOM_PRICE, ROOM_PAX, ROOM_DESCRIPT_A, ROOM_DESCRIPT_B, ROOM_SMOKE) 
VALUES (22, 8, '디럭스 더블룸', 112000, 2, '무료WiFi+아침 식사 가능+>현장에서 결제+무료 주차', '객실 금소+객실 내 온도 조절+고급 세면용품+목욕 가운+방음 객실+비데+암막 커튼', 'N');

INSERT INTO ROOM (ROOM_NUM, ACM_NUM, ROOM_NAME, ROOM_PRICE, ROOM_PAX, ROOM_DESCRIPT_A, ROOM_DESCRIPT_B, ROOM_SMOKE) 
VALUES (23, 8, '디럭스 트윈룸', 108000, 3, '무료WiFi+아침 식사 가능+>현장에서 결제+무료 주차', '객실 금소+객실 내 온도 조절+고급 세면용품+목욕 가운+방음 객실+비데+암막 커튼', 'N');

INSERT INTO ROOM (ROOM_NUM, ACM_NUM, ROOM_NAME, ROOM_PRICE, ROOM_PAX, ROOM_DESCRIPT_A, ROOM_DESCRIPT_B, ROOM_SMOKE) 
VALUES (24, 8, '이그제큐티브 스위트', 435000, 4, '무료WiFi+아침 식사 가능+>현장에서 결제+무료 주차', '객실 금소+객실 내 온도 조절+고급 세면용품+목욕 가운+방음 객실+비데+암막 커튼', 'N');

INSERT INTO ROOM (ROOM_NUM, ACM_NUM, ROOM_NAME, ROOM_PRICE, ROOM_PAX, ROOM_DESCRIPT_A, ROOM_DESCRIPT_B, ROOM_SMOKE) 
VALUES (25, 45, '민박', 35000, 8, '무료WiFi+무료 조식+무료 주차', '히노끼탕+넓은 마당+게르+장작 체험+문 없는 화장실', 'N');

--------------------------------------------------------------------------------------------------


-- ROOM IMG --------------------------------------------------------------------------------------


INSERT INTO ROOMIMG (IMG_NUM, IMG_PATH, ROOM_NUM) 
VALUES (ROOMIMG_SEQ.NEXTVAL, 'https://edge.media.datahc.com/HI551100519.jpg', 1);

INSERT INTO ROOMIMG (IMG_NUM, IMG_PATH, ROOM_NUM) 
VALUES (ROOMIMG_SEQ.NEXTVAL, 'https://edge.media.datahc.com/HI551100526.jpg', 1);

INSERT INTO ROOMIMG (IMG_NUM, IMG_PATH, ROOM_NUM) 
VALUES (ROOMIMG_SEQ.NEXTVAL, 'https://edge.media.datahc.com/HI550665360.jpg', 1);

INSERT INTO ROOMIMG (IMG_NUM, IMG_PATH, ROOM_NUM) 
VALUES (ROOMIMG_SEQ.NEXTVAL, 'https://edge.media.datahc.com/HI551100527.jpg', 1);

INSERT INTO ROOMIMG (IMG_NUM, IMG_PATH, ROOM_NUM) 
VALUES (ROOMIMG_SEQ.NEXTVAL, 'https://edge.media.datahc.com/HI551100525.jpg', 2);

INSERT INTO ROOMIMG (IMG_NUM, IMG_PATH, ROOM_NUM) 
VALUES (ROOMIMG_SEQ.NEXTVAL, 'https://edge.media.datahc.com/HI551100521.jpg', 2);

INSERT INTO ROOMIMG (IMG_NUM, IMG_PATH, ROOM_NUM) 
VALUES (ROOMIMG_SEQ.NEXTVAL, 'https://edge.media.datahc.com/HI551100524.jpg', 2);

INSERT INTO ROOMIMG (IMG_NUM, IMG_PATH, ROOM_NUM) 
VALUES (ROOMIMG_SEQ.NEXTVAL, 'https://edge.media.datahc.com/HI551100522.jpg', 2);

INSERT INTO ROOMIMG (IMG_NUM, IMG_PATH, ROOM_NUM) 
VALUES (ROOMIMG_SEQ.NEXTVAL, 'https://edge.media.datahc.com/HI565195498.jpg', 3);

INSERT INTO ROOMIMG (IMG_NUM, IMG_PATH, ROOM_NUM) 
VALUES (ROOMIMG_SEQ.NEXTVAL, 'https://edge.media.datahc.com/HI550665365.jpg', 3);

INSERT INTO ROOMIMG (IMG_NUM, IMG_PATH, ROOM_NUM) 
VALUES (ROOMIMG_SEQ.NEXTVAL, 'https://edge.media.datahc.com/HI551100537.jpg', 3);

INSERT INTO ROOMIMG (IMG_NUM, IMG_PATH, ROOM_NUM) 
VALUES (ROOMIMG_SEQ.NEXTVAL, 'https://edge.media.datahc.com/HI551033193.jpg', 3);

INSERT INTO ROOMIMG (IMG_NUM, IMG_PATH, ROOM_NUM) 
VALUES (ROOMIMG_SEQ.NEXTVAL, 'https://edge.media.datahc.com/HI402148417.jpg', 4);

INSERT INTO ROOMIMG (IMG_NUM, IMG_PATH, ROOM_NUM) 
VALUES (ROOMIMG_SEQ.NEXTVAL, 'https://edge.media.datahc.com/HI402149151.jpg', 4);

INSERT INTO ROOMIMG (IMG_NUM, IMG_PATH, ROOM_NUM) 
VALUES (ROOMIMG_SEQ.NEXTVAL, 'https://edge.media.datahc.com/HI402148428.jpg', 4);

INSERT INTO ROOMIMG (IMG_NUM, IMG_PATH, ROOM_NUM) 
VALUES (ROOMIMG_SEQ.NEXTVAL, 'https://edge.media.datahc.com/HI402148418.jpg', 4);

INSERT INTO ROOMIMG (IMG_NUM, IMG_PATH, ROOM_NUM) 
VALUES (ROOMIMG_SEQ.NEXTVAL, 'https://edge.media.datahc.com/HI402148442.jpg', 5);

INSERT INTO ROOMIMG (IMG_NUM, IMG_PATH, ROOM_NUM) 
VALUES (ROOMIMG_SEQ.NEXTVAL, 'https://edge.media.datahc.com/HI402148426.jpg', 5);

INSERT INTO ROOMIMG (IMG_NUM, IMG_PATH, ROOM_NUM) 
VALUES (ROOMIMG_SEQ.NEXTVAL, 'https://edge.media.datahc.com/HI402148428.jpg', 5);

INSERT INTO ROOMIMG (IMG_NUM, IMG_PATH, ROOM_NUM) 
VALUES (ROOMIMG_SEQ.NEXTVAL, 'https://edge.media.datahc.com/HI402148427.jpg', 5);

INSERT INTO ROOMIMG (IMG_NUM, IMG_PATH, ROOM_NUM) 
VALUES (ROOMIMG_SEQ.NEXTVAL, 'https://edge.media.datahc.com/HI565820861.jpg', 6);

INSERT INTO ROOMIMG (IMG_NUM, IMG_PATH, ROOM_NUM) 
VALUES (ROOMIMG_SEQ.NEXTVAL, 'https://edge.media.datahc.com/HI565820862.jpg', 6);

INSERT INTO ROOMIMG (IMG_NUM, IMG_PATH, ROOM_NUM) 
VALUES (ROOMIMG_SEQ.NEXTVAL, 'https://edge.media.datahc.com/HI402148428.jpg', 6);

INSERT INTO ROOMIMG (IMG_NUM, IMG_PATH, ROOM_NUM) 
VALUES (ROOMIMG_SEQ.NEXTVAL, 'https://edge.media.datahc.com/HI565820861.jpg', 6);

INSERT INTO ROOMIMG (IMG_NUM, IMG_PATH, ROOM_NUM) 
VALUES (ROOMIMG_SEQ.NEXTVAL, 'https://edge.media.datahc.com/HI403463886.jpg', 7);

INSERT INTO ROOMIMG (IMG_NUM, IMG_PATH, ROOM_NUM) 
VALUES (ROOMIMG_SEQ.NEXTVAL, 'https://edge.media.datahc.com/HI403463887.jpg', 7);

INSERT INTO ROOMIMG (IMG_NUM, IMG_PATH, ROOM_NUM) 
VALUES (ROOMIMG_SEQ.NEXTVAL, 'https://edge.media.datahc.com/HI577970877.jpg', 7);

INSERT INTO ROOMIMG (IMG_NUM, IMG_PATH, ROOM_NUM) 
VALUES (ROOMIMG_SEQ.NEXTVAL, 'https://edge.media.datahc.com/HI398584588.jpg', 7);

INSERT INTO ROOMIMG (IMG_NUM, IMG_PATH, ROOM_NUM) 
VALUES (ROOMIMG_SEQ.NEXTVAL, 'https://edge.media.datahc.com/HI403463892.jpg', 8);

INSERT INTO ROOMIMG (IMG_NUM, IMG_PATH, ROOM_NUM) 
VALUES (ROOMIMG_SEQ.NEXTVAL, 'https://edge.media.datahc.com/HI403463891.jpg', 8);

INSERT INTO ROOMIMG (IMG_NUM, IMG_PATH, ROOM_NUM) 
VALUES (ROOMIMG_SEQ.NEXTVAL, 'https://edge.media.datahc.com/HI577970877.jpg', 8);

INSERT INTO ROOMIMG (IMG_NUM, IMG_PATH, ROOM_NUM) 
VALUES (ROOMIMG_SEQ.NEXTVAL, 'https://edge.media.datahc.com/HI398584588.jpg', 8);

INSERT INTO ROOMIMG (IMG_NUM, IMG_PATH, ROOM_NUM) 
VALUES (ROOMIMG_SEQ.NEXTVAL, 'https://exp.cdn-hotels.com/hotels/16000000/15260000/15252500/15252418/0028d89c_b.jpg', 9);

INSERT INTO ROOMIMG (IMG_NUM, IMG_PATH, ROOM_NUM) 
VALUES (ROOMIMG_SEQ.NEXTVAL, 'https://exp.cdn-hotels.com/hotels/16000000/15260000/15252500/15252418/a7380e7b_b.jpg', 9);

INSERT INTO ROOMIMG (IMG_NUM, IMG_PATH, ROOM_NUM) 
VALUES (ROOMIMG_SEQ.NEXTVAL, 'https://edge.media.datahc.com/HI577970877.jpg', 9);

INSERT INTO ROOMIMG (IMG_NUM, IMG_PATH, ROOM_NUM) 
VALUES (ROOMIMG_SEQ.NEXTVAL, 'https://edge.media.datahc.com/HI398584588.jpg', 9);

INSERT INTO ROOMIMG (IMG_NUM, IMG_PATH, ROOM_NUM) 
VALUES (ROOMIMG_SEQ.NEXTVAL, 'https://edge.media.datahc.com/HI557269141.jpg', 10);

INSERT INTO ROOMIMG (IMG_NUM, IMG_PATH, ROOM_NUM) 
VALUES (ROOMIMG_SEQ.NEXTVAL, 'https://edge.media.datahc.com/HI569531975.jpg', 10);

INSERT INTO ROOMIMG (IMG_NUM, IMG_PATH, ROOM_NUM) 
VALUES (ROOMIMG_SEQ.NEXTVAL, 'https://edge.media.datahc.com/HI532878740.jpg', 10);

INSERT INTO ROOMIMG (IMG_NUM, IMG_PATH, ROOM_NUM) 
VALUES (ROOMIMG_SEQ.NEXTVAL, 'https://edge.media.datahc.com/HI563750793.jpg', 10);

INSERT INTO ROOMIMG (IMG_NUM, IMG_PATH, ROOM_NUM) 
VALUES (ROOMIMG_SEQ.NEXTVAL, 'https://edge.media.datahc.com/HI557269138.jpg', 11);

INSERT INTO ROOMIMG (IMG_NUM, IMG_PATH, ROOM_NUM) 
VALUES (ROOMIMG_SEQ.NEXTVAL, 'https://edge.media.datahc.com/HI557269129.jpg', 11);

INSERT INTO ROOMIMG (IMG_NUM, IMG_PATH, ROOM_NUM) 
VALUES (ROOMIMG_SEQ.NEXTVAL, 'https://edge.media.datahc.com/HI557269132.jpg', 11);

INSERT INTO ROOMIMG (IMG_NUM, IMG_PATH, ROOM_NUM) 
VALUES (ROOMIMG_SEQ.NEXTVAL, 'https://edge.media.datahc.com/HI563750793.jpg', 11);

INSERT INTO ROOMIMG (IMG_NUM, IMG_PATH, ROOM_NUM) 
VALUES (ROOMIMG_SEQ.NEXTVAL, 'https://edge.media.datahc.com/HI408727636.jpg', 12);

INSERT INTO ROOMIMG (IMG_NUM, IMG_PATH, ROOM_NUM) 
VALUES (ROOMIMG_SEQ.NEXTVAL, 'https://edge.media.datahc.com/HI532878740.jpg', 12);

INSERT INTO ROOMIMG (IMG_NUM, IMG_PATH, ROOM_NUM) 
VALUES (ROOMIMG_SEQ.NEXTVAL, 'https://edge.media.datahc.com/HI408727635.jpg', 12);

INSERT INTO ROOMIMG (IMG_NUM, IMG_PATH, ROOM_NUM) 
VALUES (ROOMIMG_SEQ.NEXTVAL, 'https://edge.media.datahc.com/HI563750793.jpg', 12);

INSERT INTO ROOMIMG (IMG_NUM, IMG_PATH, ROOM_NUM) 
VALUES (ROOMIMG_SEQ.NEXTVAL, 'https://edge.media.datahc.com/HI534779612.jpg', 13);

INSERT INTO ROOMIMG (IMG_NUM, IMG_PATH, ROOM_NUM) 
VALUES (ROOMIMG_SEQ.NEXTVAL, 'https://edge.media.datahc.com/HI534779613.jpg', 13);

INSERT INTO ROOMIMG (IMG_NUM, IMG_PATH, ROOM_NUM) 
VALUES (ROOMIMG_SEQ.NEXTVAL, 'https://edge.media.datahc.com/HI534779614.jpg', 13);

INSERT INTO ROOMIMG (IMG_NUM, IMG_PATH, ROOM_NUM) 
VALUES (ROOMIMG_SEQ.NEXTVAL, 'https://edge.media.datahc.com/HI564791603.jpg', 13);

INSERT INTO ROOMIMG (IMG_NUM, IMG_PATH, ROOM_NUM) 
VALUES (ROOMIMG_SEQ.NEXTVAL, 'https://edge.media.datahc.com/HI534828209.jpg', 14);

INSERT INTO ROOMIMG (IMG_NUM, IMG_PATH, ROOM_NUM) 
VALUES (ROOMIMG_SEQ.NEXTVAL, 'https://edge.media.datahc.com/HI560247003.jpg', 14);

INSERT INTO ROOMIMG (IMG_NUM, IMG_PATH, ROOM_NUM) 
VALUES (ROOMIMG_SEQ.NEXTVAL, 'https://edge.media.datahc.com/HI534779614.jpg', 14);

INSERT INTO ROOMIMG (IMG_NUM, IMG_PATH, ROOM_NUM) 
VALUES (ROOMIMG_SEQ.NEXTVAL, 'https://edge.media.datahc.com/HI564791603.jpg', 14);

INSERT INTO ROOMIMG (IMG_NUM, IMG_PATH, ROOM_NUM) 
VALUES (ROOMIMG_SEQ.NEXTVAL, 'https://thumbnails.trvl-media.com/yArCYe3J8_MCN8XDvEJQYaa9mfg=/773x530/smart/filters:quality(60)/exp.cdn-hotels.com/hotels/13000000/12360000/12351000/12350901/cb3f5896_z.jpg', 15);

INSERT INTO ROOMIMG (IMG_NUM, IMG_PATH, ROOM_NUM) 
VALUES (ROOMIMG_SEQ.NEXTVAL, 'https://thumbnails.trvl-media.com/yArCYe3J8_MCN8XDvEJQYaa9mfg=/773x530/smart/filters:quality(60)/exp.cdn-hotels.com/hotels/13000000/12360000/12351000/12350901/cb3f5896_z.jpg', 15);

INSERT INTO ROOMIMG (IMG_NUM, IMG_PATH, ROOM_NUM) 
VALUES (ROOMIMG_SEQ.NEXTVAL, 'https://thumbnails.trvl-media.com/PCJnKr-ElPDGzddSoegD8-3FMk8=/773x530/smart/filters:quality(60)/exp.cdn-hotels.com/hotels/13000000/12360000/12351000/12350901/3ee73aa6_z.jpg', 15);

INSERT INTO ROOMIMG (IMG_NUM, IMG_PATH, ROOM_NUM) 
VALUES (ROOMIMG_SEQ.NEXTVAL, 'https://thumbnails.trvl-media.com/NFJsWF5wjboIj0YP3UEu0XRi45s=/773x530/smart/filters:quality(60)/exp.cdn-hotels.com/hotels/13000000/12360000/12351000/12350901/da6ee691_z.jpg', 15);

INSERT INTO ROOMIMG (IMG_NUM, IMG_PATH, ROOM_NUM) 
VALUES (ROOMIMG_SEQ.NEXTVAL, 'https://thumbnails.trvl-media.com/84A0UFeCIuS3as7N9AO5LHmaE_k=/773x530/smart/filters:quality(60)/exp.cdn-hotels.com/hotels/20000000/19270000/19264700/19264649/5ea1ab46_z.jpg', 16);

INSERT INTO ROOMIMG (IMG_NUM, IMG_PATH, ROOM_NUM) 
VALUES (ROOMIMG_SEQ.NEXTVAL, 'https://thumbnails.trvl-media.com/FjxSXbP6suEff-BPqpRq8zqLsD8=/773x530/smart/filters:quality(60)/exp.cdn-hotels.com/hotels/20000000/19270000/19264700/19264649/afd04fef_z.jpg', 16);

INSERT INTO ROOMIMG (IMG_NUM, IMG_PATH, ROOM_NUM) 
VALUES (ROOMIMG_SEQ.NEXTVAL, 'https://thumbnails.trvl-media.com/0t9-hOaO7pWdXVfh5PGB6S-0GwQ=/773x530/smart/filters:quality(60)/exp.cdn-hotels.com/hotels/20000000/19270000/19264700/19264649/42ad4982_z.jpg', 17);

INSERT INTO ROOMIMG (IMG_NUM, IMG_PATH, ROOM_NUM) 
VALUES (ROOMIMG_SEQ.NEXTVAL, 'https://thumbnails.trvl-media.com/UQZLhsJqD6eYpZhj9JwSVLDJnmw=/773x530/smart/filters:quality(60)/exp.cdn-hotels.com/hotels/20000000/19270000/19264700/19264649/e3396912_z.jpg', 17);

INSERT INTO ROOMIMG (IMG_NUM, IMG_PATH, ROOM_NUM) 
VALUES (ROOMIMG_SEQ.NEXTVAL, 'https://thumbnails.trvl-media.com/KNDUjIhRF6nUex1SVHPIXjV8Bhc=/773x530/smart/filters:quality(60)/exp.cdn-hotels.com/hotels/20000000/19270000/19264700/19264649/3e5c0453_z.jpg', 17);

INSERT INTO ROOMIMG (IMG_NUM, IMG_PATH, ROOM_NUM) 
VALUES (ROOMIMG_SEQ.NEXTVAL, 'https://thumbnails.trvl-media.com/8JnncClt7eOOkFxsRo4_HjNdKuw=/773x530/smart/filters:quality(60)/exp.cdn-hotels.com/hotels/20000000/19270000/19264700/19264649/2c574096_z.jpg', 17);

INSERT INTO ROOMIMG (IMG_NUM, IMG_PATH, ROOM_NUM) 
VALUES (ROOMIMG_SEQ.NEXTVAL, 'https://thumbnails.trvl-media.com/ExzoPZ9HuekdLoUTvBhC5eTGiSA=/773x530/smart/filters:quality(60)/exp.cdn-hotels.com/hotels/20000000/19270000/19264700/19264649/166fd1ff_z.jpg', 18);

INSERT INTO ROOMIMG (IMG_NUM, IMG_PATH, ROOM_NUM) 
VALUES (ROOMIMG_SEQ.NEXTVAL, 'https://thumbnails.trvl-media.com/e0WYYflY_v0lKoxKA96Ib0gtk_s=/773x530/smart/filters:quality(60)/exp.cdn-hotels.com/hotels/20000000/19270000/19264700/19264649/e3fed1b7_z.jpg', 18);

INSERT INTO ROOMIMG (IMG_NUM, IMG_PATH, ROOM_NUM) 
VALUES (ROOMIMG_SEQ.NEXTVAL, 'https://thumbnails.trvl-media.com/19wG_nrusmfxZlLCKlxPJNBoQRM=/773x530/smart/filters:quality(60)/exp.cdn-hotels.com/hotels/20000000/19270000/19264700/19264649/cafba31f_z.jpg', 18);

INSERT INTO ROOMIMG (IMG_NUM, IMG_PATH, ROOM_NUM) 
VALUES (ROOMIMG_SEQ.NEXTVAL, 'https://edge.media.datahc.com/HI396621886.jpg', 19);

INSERT INTO ROOMIMG (IMG_NUM, IMG_PATH, ROOM_NUM) 
VALUES (ROOMIMG_SEQ.NEXTVAL, 'https://edge.media.datahc.com/HI396621885.jpg', 19);

INSERT INTO ROOMIMG (IMG_NUM, IMG_PATH, ROOM_NUM) 
VALUES (ROOMIMG_SEQ.NEXTVAL, 'https://edge.media.datahc.com/HI545546849.jpg', 19);

INSERT INTO ROOMIMG (IMG_NUM, IMG_PATH, ROOM_NUM) 
VALUES (ROOMIMG_SEQ.NEXTVAL, 'https://edge.media.datahc.com/HI569532545.jpg', 19);

INSERT INTO ROOMIMG (IMG_NUM, IMG_PATH, ROOM_NUM) 
VALUES (ROOMIMG_SEQ.NEXTVAL, 'https://edge.media.datahc.com/HI505091285.jpg', 20);

INSERT INTO ROOMIMG (IMG_NUM, IMG_PATH, ROOM_NUM) 
VALUES (ROOMIMG_SEQ.NEXTVAL, 'https://edge.media.datahc.com/HI505091284.jpg', 20);

INSERT INTO ROOMIMG (IMG_NUM, IMG_PATH, ROOM_NUM) 
VALUES (ROOMIMG_SEQ.NEXTVAL, 'https://edge.media.datahc.com/HI545550400.jpg', 20);

INSERT INTO ROOMIMG (IMG_NUM, IMG_PATH, ROOM_NUM) 
VALUES (ROOMIMG_SEQ.NEXTVAL, 'https://edge.media.datahc.com/HI569532545.jpg', 20);

INSERT INTO ROOMIMG (IMG_NUM, IMG_PATH, ROOM_NUM) 
VALUES (ROOMIMG_SEQ.NEXTVAL, 'https://thumbnails.trvl-media.com/D_if-J_hKjJh609pU1qjJ9yxDpg=/773x530/smart/filters:quality(60)/exp.cdn-hotels.com/hotels/3000000/2860000/2856500/2856414/c31a0590_z.jpg', 21);

INSERT INTO ROOMIMG (IMG_NUM, IMG_PATH, ROOM_NUM) 
VALUES (ROOMIMG_SEQ.NEXTVAL, 'https://thumbnails.trvl-media.com/lqI256V_lPJfqwNncfd8EuWR9Fc=/773x530/smart/filters:quality(60)/exp.cdn-hotels.com/hotels/3000000/2860000/2856500/2856414/a6439b99_z.jpg', 21);

INSERT INTO ROOMIMG (IMG_NUM, IMG_PATH, ROOM_NUM) 
VALUES (ROOMIMG_SEQ.NEXTVAL, 'https://thumbnails.trvl-media.com/EZCEK0jMPqELEhlqZtWNeAwbsR0=/773x530/smart/filters:quality(60)/exp.cdn-hotels.com/hotels/3000000/2860000/2856500/2856414/6700c20e_z.jpg', 21);

INSERT INTO ROOMIMG (IMG_NUM, IMG_PATH, ROOM_NUM) 
VALUES (ROOMIMG_SEQ.NEXTVAL, 'https://edge.media.datahc.com/HI569532545.jpg', 21);

INSERT INTO ROOMIMG (IMG_NUM, IMG_PATH, ROOM_NUM) 
VALUES (ROOMIMG_SEQ.NEXTVAL, 'https://edge.media.datahc.com/HI367305526.jpg', 22);

INSERT INTO ROOMIMG (IMG_NUM, IMG_PATH, ROOM_NUM) 
VALUES (ROOMIMG_SEQ.NEXTVAL, 'https://edge.media.datahc.com/HI367305527.jpg', 22);

INSERT INTO ROOMIMG (IMG_NUM, IMG_PATH, ROOM_NUM) 
VALUES (ROOMIMG_SEQ.NEXTVAL, 'https://edge.media.datahc.com/HI367305531.jpg', 22);

INSERT INTO ROOMIMG (IMG_NUM, IMG_PATH, ROOM_NUM) 
VALUES (ROOMIMG_SEQ.NEXTVAL, 'https://edge.media.datahc.com/HI367305566.jpg', 23);

INSERT INTO ROOMIMG (IMG_NUM, IMG_PATH, ROOM_NUM) 
VALUES (ROOMIMG_SEQ.NEXTVAL, 'https://edge.media.datahc.com/HI367305567.jpg', 23);

INSERT INTO ROOMIMG (IMG_NUM, IMG_PATH, ROOM_NUM) 
VALUES (ROOMIMG_SEQ.NEXTVAL, 'https://edge.media.datahc.com/HI367305577.jpg', 23);

INSERT INTO ROOMIMG (IMG_NUM, IMG_PATH, ROOM_NUM) 
VALUES (ROOMIMG_SEQ.NEXTVAL, 'https://edge.media.datahc.com/HI560248280.jpg', 24);

INSERT INTO ROOMIMG (IMG_NUM, IMG_PATH, ROOM_NUM) 
VALUES (ROOMIMG_SEQ.NEXTVAL, 'https://edge.media.datahc.com/HI560248282.jpg', 24);

INSERT INTO ROOMIMG (IMG_NUM, IMG_PATH, ROOM_NUM) 
VALUES (ROOMIMG_SEQ.NEXTVAL, 'https://edge.media.datahc.com/HI560248299.jpg', 24);

INSERT INTO ROOMIMG (IMG_NUM, IMG_PATH, ROOM_NUM) 
VALUES (ROOMIMG_SEQ.NEXTVAL, 'https://www.olchiolchi.com/wp-content/uploads/2018/02/2-1024x574.png', 25);

INSERT INTO ROOMIMG (IMG_NUM, IMG_PATH, ROOM_NUM) 
VALUES (ROOMIMG_SEQ.NEXTVAL, 'https://www.olchiolchi.com/wp-content/uploads/2018/02/4-1024x575.png', 25);

INSERT INTO ROOMIMG (IMG_NUM, IMG_PATH, ROOM_NUM) 
VALUES (ROOMIMG_SEQ.NEXTVAL, 'https://mblogthumb-phinf.pstatic.net/MjAxODAzMzFfMTgx/MDAxNTIyNDk4NzU0Mzg5.N3iAT5jALTT7SkFn8sucRzoJ6cOpaVykZF9wDZm7Zxcg.0z6BP8AgcnzAgRNdxXE0TxEmGrJ7UPidiXTuIFH0QbYg.JPEG.chdklove/JTBC_%ED%9A%A8%EB%A6%AC%EB%84%A4_%EB%AF%BC%EB%B0%95_%EC%8B%9C%EC%A6%8C2.E01.180204.720p-NEXT.mp4_004796925.jpg?type=w800', 25.0);

---------------------------------------------------------------------------------------------



-- RESERVATION -----------------------------------------------------------------


INSERT INTO RESERVATION (RESERV_NUM, MEM_NUM, ROOM_NUM, RESERV_PAX, CHECKIN_DATE, CHECKOUT_DATE, RESERV_PRICE, RESERV_CANCEL, RESERV_DATE, CANCEL_DATE, RESERV_REQUIRE, NOSHOW, STATUS) 
VALUES (RESERVATION_SEQ.NEXTVAL, 1, 1, 2, SYSDATE, SYSDATE+1, 629200, 'N', SYSDATE, NULL, '22시 체크인 예정', 'N', 'Y');

INSERT INTO RESERVATION (RESERV_NUM, MEM_NUM, ROOM_NUM, RESERV_PAX, CHECKIN_DATE, CHECKOUT_DATE, RESERV_PRICE, RESERV_CANCEL, RESERV_DATE, CANCEL_DATE, RESERV_REQUIRE, NOSHOW, STATUS) 
VALUES (RESERVATION_SEQ.NEXTVAL, 2, 2, 2, SYSDATE+1, SYSDATE+2, 669199, 'N', SYSDATE, NULL, '간이 침대 추가해주세요', 'N', 'Y');

INSERT INTO RESERVATION (RESERV_NUM, MEM_NUM, ROOM_NUM, RESERV_PAX, CHECKIN_DATE, CHECKOUT_DATE, RESERV_PRICE, RESERV_CANCEL, RESERV_DATE, CANCEL_DATE, RESERV_REQUIRE, NOSHOW, STATUS) 
VALUES (RESERVATION_SEQ.NEXTVAL, 3, 3, 2, SYSDATE+2, SYSDATE+3, 274999, 'N', SYSDATE, NULL, '금연룸으로 부탁드립니다.', 'N', 'Y');

INSERT INTO RESERVATION (RESERV_NUM, MEM_NUM, ROOM_NUM, RESERV_PAX, CHECKIN_DATE, CHECKOUT_DATE, RESERV_PRICE, RESERV_CANCEL, RESERV_DATE, CANCEL_DATE, RESERV_REQUIRE, NOSHOW, STATUS) 
VALUES (RESERVATION_SEQ.NEXTVAL, 4, 4, 2, SYSDATE+3, SYSDATE+4, 296999, 'N', SYSDATE, NULL, '청소 신경써주세요.', 'N', 'Y');

INSERT INTO RESERVATION (RESERV_NUM, MEM_NUM, ROOM_NUM, RESERV_PAX, CHECKIN_DATE, CHECKOUT_DATE, RESERV_PRICE, RESERV_CANCEL, RESERV_DATE, CANCEL_DATE, RESERV_REQUIRE, NOSHOW, STATUS) 
VALUES (RESERVATION_SEQ.NEXTVAL, 5, 5, 2, SYSDATE+4, SYSDATE+5, 83805, 'N', SYSDATE, NULL, '23시 체크인 예정입니다.', 'N', 'Y');

INSERT INTO RESERVATION (RESERV_NUM, MEM_NUM, ROOM_NUM, RESERV_PAX, CHECKIN_DATE, CHECKOUT_DATE, RESERV_PRICE, RESERV_CANCEL, RESERV_DATE, CANCEL_DATE, RESERV_REQUIRE, NOSHOW, STATUS) 
VALUES (RESERVATION_SEQ.NEXTVAL, 6, 6, 2, SYSDATE+5, SYSDATE+6, 100000, 'N', SYSDATE, NULL, '수건 넉넉히 준비해주세요', 'N', 'Y');

INSERT INTO RESERVATION (RESERV_NUM, MEM_NUM, ROOM_NUM, RESERV_PAX, CHECKIN_DATE, CHECKOUT_DATE, RESERV_PRICE, RESERV_CANCEL, RESERV_DATE, CANCEL_DATE, RESERV_REQUIRE, NOSHOW, STATUS) 
VALUES (RESERVATION_SEQ.NEXTVAL, 7, 7, 2, SYSDATE+6, SYSDATE+7, 110000, 'N', SYSDATE, NULL, '22시 체크인 예정', 'N', 'Y');

INSERT INTO RESERVATION (RESERV_NUM, MEM_NUM, ROOM_NUM, RESERV_PAX, CHECKIN_DATE, CHECKOUT_DATE, RESERV_PRICE, RESERV_CANCEL, RESERV_DATE, CANCEL_DATE, RESERV_REQUIRE, NOSHOW, STATUS) 
VALUES (RESERVATION_SEQ.NEXTVAL, 8, 8, 2, SYSDATE+7, SYSDATE+8, 120000, 'N', SYSDATE, NULL, '간이 침대 추가해주세요', 'N', 'Y');

INSERT INTO RESERVATION (RESERV_NUM, MEM_NUM, ROOM_NUM, RESERV_PAX, CHECKIN_DATE, CHECKOUT_DATE, RESERV_PRICE, RESERV_CANCEL, RESERV_DATE, CANCEL_DATE, RESERV_REQUIRE, NOSHOW, STATUS) 
VALUES (RESERVATION_SEQ.NEXTVAL, 9, 9, 2, SYSDATE+8, SYSDATE+9, 130000, 'N', SYSDATE, NULL, '금연룸으로 부탁드립니다.', 'N', 'Y');

INSERT INTO RESERVATION (RESERV_NUM, MEM_NUM, ROOM_NUM, RESERV_PAX, CHECKIN_DATE, CHECKOUT_DATE, RESERV_PRICE, RESERV_CANCEL, RESERV_DATE, CANCEL_DATE, RESERV_REQUIRE, NOSHOW, STATUS) 
VALUES (RESERVATION_SEQ.NEXTVAL, 10, 10, 2, SYSDATE+9, SYSDATE+10, 140000, 'N', SYSDATE, NULL, '청소 신경써주세요.', 'N', 'Y');

INSERT INTO RESERVATION (RESERV_NUM, MEM_NUM, ROOM_NUM, RESERV_PAX, CHECKIN_DATE, CHECKOUT_DATE, RESERV_PRICE, RESERV_CANCEL, RESERV_DATE, CANCEL_DATE, RESERV_REQUIRE, NOSHOW, STATUS) 
VALUES (RESERVATION_SEQ.NEXTVAL, 11, 11, 2, SYSDATE+10, SYSDATE+11, 150000, 'N', SYSDATE, NULL, '23시 체크인 예정입니다.', 'N', 'Y');

INSERT INTO RESERVATION (RESERV_NUM, MEM_NUM, ROOM_NUM, RESERV_PAX, CHECKIN_DATE, CHECKOUT_DATE, RESERV_PRICE, RESERV_CANCEL, RESERV_DATE, CANCEL_DATE, RESERV_REQUIRE, NOSHOW, STATUS) 
VALUES (RESERVATION_SEQ.NEXTVAL, 12, 13, 2, SYSDATE+11, SYSDATE+12, 160000, 'N', SYSDATE, NULL, '수건 넉넉히 준비해주세요', 'N', 'Y');

INSERT INTO RESERVATION (RESERV_NUM, MEM_NUM, ROOM_NUM, RESERV_PAX, CHECKIN_DATE, CHECKOUT_DATE, RESERV_PRICE, RESERV_CANCEL, RESERV_DATE, CANCEL_DATE, RESERV_REQUIRE, NOSHOW, STATUS) 
VALUES (RESERVATION_SEQ.NEXTVAL, 13, 15, 2, SYSDATE+12, SYSDATE+13, 170000, 'N', SYSDATE, NULL, '빼애애애애애앰!!', 'N', 'Y');

INSERT INTO RESERVATION (RESERV_NUM, MEM_NUM, ROOM_NUM, RESERV_PAX, CHECKIN_DATE, CHECKOUT_DATE, RESERV_PRICE, RESERV_CANCEL, RESERV_DATE, CANCEL_DATE, RESERV_REQUIRE, NOSHOW, STATUS) 
VALUES (RESERVATION_SEQ.NEXTVAL, 1, 12, 2, SYSDATE+3, SYSDATE+5, 130000, 'N', SYSDATE, NULL, '빼애애애애애앰!!', 'N', 'Y');

INSERT INTO RESERVATION (RESERV_NUM, MEM_NUM, ROOM_NUM, RESERV_PAX, CHECKIN_DATE, CHECKOUT_DATE, RESERV_PRICE, RESERV_CANCEL, RESERV_DATE, CANCEL_DATE, RESERV_REQUIRE, NOSHOW, STATUS) 
VALUES (RESERVATION_SEQ.NEXTVAL, 2, 14, 2, SYSDATE+4, SYSDATE+7, 110000, 'N', SYSDATE, NULL, '빼애애애애애앰!!', 'N', 'Y');

INSERT INTO RESERVATION (RESERV_NUM, MEM_NUM, ROOM_NUM, RESERV_PAX, CHECKIN_DATE, CHECKOUT_DATE, RESERV_PRICE, RESERV_CANCEL, RESERV_DATE, CANCEL_DATE, RESERV_REQUIRE, NOSHOW, STATUS) 
VALUES (RESERVATION_SEQ.NEXTVAL, 13, 16, 2, SYSDATE+10, SYSDATE+11, 170000, 'N', SYSDATE, NULL, '빼애애애애애앰!!', 'N', 'Y');

INSERT INTO RESERVATION (RESERV_NUM, MEM_NUM, ROOM_NUM, RESERV_PAX, CHECKIN_DATE, CHECKOUT_DATE, RESERV_PRICE, RESERV_CANCEL, RESERV_DATE, CANCEL_DATE, RESERV_REQUIRE, NOSHOW, STATUS) 
VALUES (RESERVATION_SEQ.NEXTVAL, 16, 17, 2, SYSDATE+7, SYSDATE+9, 170000, 'N', SYSDATE, NULL, '빼애애애애애앰!!', 'N', 'Y');

INSERT INTO RESERVATION (RESERV_NUM, MEM_NUM, ROOM_NUM, RESERV_PAX, CHECKIN_DATE, CHECKOUT_DATE, RESERV_PRICE, RESERV_CANCEL, RESERV_DATE, CANCEL_DATE, RESERV_REQUIRE, NOSHOW, STATUS) 
VALUES (RESERVATION_SEQ.NEXTVAL, 8, 18, 2, SYSDATE+12, SYSDATE+14, 170000, 'N', SYSDATE, NULL, '빼애애애애애앰!!', 'N', 'Y');

INSERT INTO RESERVATION (RESERV_NUM, MEM_NUM, ROOM_NUM, RESERV_PAX, CHECKIN_DATE, CHECKOUT_DATE, RESERV_PRICE, RESERV_CANCEL, RESERV_DATE, CANCEL_DATE, RESERV_REQUIRE, NOSHOW, STATUS) 
VALUES (RESERVATION_SEQ.NEXTVAL, 15, 19, 2, SYSDATE+13, SYSDATE+15, 170000, 'N', SYSDATE, NULL, '빼애애애애애앰!!', 'N', 'Y');

INSERT INTO RESERVATION (RESERV_NUM, MEM_NUM, ROOM_NUM, RESERV_PAX, CHECKIN_DATE, CHECKOUT_DATE, RESERV_PRICE, RESERV_CANCEL, RESERV_DATE, CANCEL_DATE, RESERV_REQUIRE, NOSHOW, STATUS) 
VALUES (RESERVATION_SEQ.NEXTVAL, 12, 20, 2, SYSDATE+1, SYSDATE+3, 170000, 'N', SYSDATE, NULL, '빼애애애애애앰!!', 'N', 'Y');

INSERT INTO RESERVATION (RESERV_NUM, MEM_NUM, ROOM_NUM, RESERV_PAX, CHECKIN_DATE, CHECKOUT_DATE, RESERV_PRICE, RESERV_CANCEL, RESERV_DATE, CANCEL_DATE, RESERV_REQUIRE, NOSHOW, STATUS) 
VALUES (RESERVATION_SEQ.NEXTVAL, 6, 21, 2, SYSDATE+2, SYSDATE+7, 170000, 'N', SYSDATE, NULL, '빼애애애애애앰!!', 'N', 'Y');

INSERT INTO RESERVATION (RESERV_NUM, MEM_NUM, ROOM_NUM, RESERV_PAX, CHECKIN_DATE, CHECKOUT_DATE, RESERV_PRICE, RESERV_CANCEL, RESERV_DATE, CANCEL_DATE, RESERV_REQUIRE, NOSHOW, STATUS) 
VALUES (RESERVATION_SEQ.NEXTVAL, 7, 22, 2, SYSDATE+4, SYSDATE+7, 170000, 'N', SYSDATE, NULL, '빼애애애애애앰!!', 'N', 'Y');

INSERT INTO RESERVATION (RESERV_NUM, MEM_NUM, ROOM_NUM, RESERV_PAX, CHECKIN_DATE, CHECKOUT_DATE, RESERV_PRICE, RESERV_CANCEL, RESERV_DATE, CANCEL_DATE, RESERV_REQUIRE, NOSHOW, STATUS) 
VALUES (RESERVATION_SEQ.NEXTVAL, 1, 23, 2, SYSDATE+7, SYSDATE+9, 170000, 'N', SYSDATE, NULL, '빼애애애애애앰!!', 'N', 'Y');

INSERT INTO RESERVATION (RESERV_NUM, MEM_NUM, ROOM_NUM, RESERV_PAX, CHECKIN_DATE, CHECKOUT_DATE, RESERV_PRICE, RESERV_CANCEL, RESERV_DATE, CANCEL_DATE, RESERV_REQUIRE, NOSHOW, STATUS) 
VALUES (RESERVATION_SEQ.NEXTVAL, 3, 24, 2, SYSDATE+8, SYSDATE+11, 170000, 'N', SYSDATE, NULL, '빼애애애애애앰!!', 'N', 'Y');

INSERT INTO RESERVATION (RESERV_NUM, MEM_NUM, ROOM_NUM, RESERV_PAX, CHECKIN_DATE, CHECKOUT_DATE, RESERV_PRICE, RESERV_CANCEL, RESERV_DATE, CANCEL_DATE, RESERV_REQUIRE, NOSHOW, STATUS) 
VALUES (RESERVATION_SEQ.NEXTVAL, 10, 25, 2, SYSDATE+1, SYSDATE+3, 170000, 'N', SYSDATE, NULL, '빼애애애애애앰!!', 'N', 'Y');



----------------------------------------------------------------------------------




INSERT INTO PAYMENT VALUES (PAYMENT_SEQ.NEXTVAL,1,629200,1,'C','N',SYSDATE,NULL);
INSERT INTO PAYMENT VALUES (PAYMENT_SEQ.NEXTVAL,2,669199,2,'C','N',SYSDATE,NULL);
INSERT INTO PAYMENT VALUES (PAYMENT_SEQ.NEXTVAL,3,274999,3,'C','N',SYSDATE,NULL);
INSERT INTO PAYMENT VALUES (PAYMENT_SEQ.NEXTVAL,4,296999,4,'C','N',SYSDATE,NULL);
INSERT INTO PAYMENT VALUES (PAYMENT_SEQ.NEXTVAL,5,83805,5,'C','N',SYSDATE,NULL);






----------------tourspot------------

INSERT INTO TOURSPOT (SPOT_NUM, SPOT_NAME, SPOT_COORD_X, SPOT_COORD_Y, SPOT_ADDRESS, SPOT_DESCRIPT, SPOT_HOMEPAGE, SPOT_PHONE, SPOT_CONTENT)
VALUES (1,'우도(산호의 섬)','33.504273','126.953982','제주특별자치도 제주시 우도면 삼양고수물길 1','제주 안의 또 다른 제주, 산호의 섬<br> #섬속의섬 #경관/포토 #아이', 'https://www.visitjeju.net/kr/detail/view?contentsid=CONT_000000000500477', '(+82) 064-739-7776', '#섬속의섬 #경관/포토 #아이');

INSERT INTO TOURSPOT (SPOT_NUM, SPOT_NAME, SPOT_COORD_X, SPOT_COORD_Y, SPOT_ADDRESS, SPOT_DESCRIPT, SPOT_HOMEPAGE, SPOT_PHONE, SPOT_CONTENT)
VALUES (2,'협재해수욕장','33.393962','126.239090','제주특별자치도 제주시 한림읍 한림로 329-10','에메랄드빛의 인기 No.1 해수욕장<br> #일몰 #해수욕장 #액티비티', 'https://www.visitjeju.net/kr/detail/view?contentsid=CONT_000000000500697', '(+82) 064-787-0960', '#일몰 #해수욕장 #액티비티');

INSERT INTO TOURSPOT (SPOT_NUM, SPOT_NAME, SPOT_COORD_X, SPOT_COORD_Y, SPOT_ADDRESS, SPOT_DESCRIPT, SPOT_HOMEPAGE, SPOT_PHONE, SPOT_CONTENT)
VALUES (3,'한라산국립공원','33.402773','126.495311','제주특별자치도 제주시 1100로 2070-61','제주를 대표하는 한라산국립공원<br> #산 #걷기/등산 #경관/포토','https://www.visitjeju.net/kr/detail/view?contentsid=CONT_000000000500685#','(+82) 064-713-9950',' #산 #걷기/등산 #경관/포토');

INSERT INTO TOURSPOT (SPOT_NUM, SPOT_NAME, SPOT_COORD_X, SPOT_COORD_Y, SPOT_ADDRESS, SPOT_DESCRIPT, SPOT_HOMEPAGE, SPOT_PHONE, SPOT_CONTENT)
VALUES (4,'사려니숲길','33.422925','126.626829','제주특별자치도 제주시 조천읍 교래리 산 137-1','제주의 힐링의 숲<br> #숲길 #걷기/등산 #친구 #커플','https://www.visitjeju.net/kr/detail/view?contentsid=CONT_000000000500281#','(+82) 064-900-8800','#숲길 #걷기/등산 #친구 #커플');

INSERT INTO TOURSPOT (SPOT_NUM, SPOT_NAME, SPOT_COORD_X, SPOT_COORD_Y, SPOT_ADDRESS, SPOT_DESCRIPT, SPOT_HOMEPAGE, SPOT_PHONE, SPOT_CONTENT)
VALUES (5,'월정리해변','33.555950','126.796206','제주특별자치도 제주시 구좌읍 해맞이해안로 480-1','달이 머무는 해변. 월정리해변<br> #해변 #경관/포토 #커플','https://www.visitjeju.net/kr/detail/view?contentsid=CONT_000000000500496#','(+82) 064-728-3394','#해변 #경관/포토 #커플');

INSERT INTO TOURSPOT (SPOT_NUM, SPOT_NAME, SPOT_COORD_X, SPOT_COORD_Y, SPOT_ADDRESS, SPOT_DESCRIPT, SPOT_HOMEPAGE, SPOT_PHONE, SPOT_CONTENT)
VALUES (6,'비자림','33.484261','126.806554','제주특별자치도 제주시 구좌읍 비자숲길 55','세계 최대 규모를 자랑하는 단일 수종 삼림욕장<br> #걷기/등산 #아이','https://www.visitjeju.net/kr/detail/view?contentsid=CONT_000000000500270#','(+82) 064-710-7912','#걷기/등산 #아이');

INSERT INTO TOURSPOT (SPOT_NUM, SPOT_NAME, SPOT_COORD_X, SPOT_COORD_Y, SPOT_ADDRESS, SPOT_DESCRIPT, SPOT_HOMEPAGE, SPOT_PHONE, SPOT_CONTENT)
VALUES (7,'제주43평화공원','33.451043','126.618898','제주특별자치도 제주시 명림로 430','4.3사건 당시의 희생자들을 기리기 위한 공간<br> #테마공원 #부모 #커플','https://www.visitjeju.net/kr/detail/view?contentsid=CONT_000000000500535#','(+82) 064-723-4344','#테마공원 #부모 #커플');

INSERT INTO TOURSPOT (SPOT_NUM, SPOT_NAME, SPOT_COORD_X, SPOT_COORD_Y, SPOT_ADDRESS, SPOT_DESCRIPT, SPOT_HOMEPAGE, SPOT_PHONE, SPOT_CONTENT)
VALUES (8,'에코랜드','33.456326','126.667158','제주시 조천읍 번영로 1278-169','약 4.5km 거리의 곶자왈을 체험하는 테마파크<br> #테마공원 #아이 #맑음','https://www.visitjeju.net/kr/detail/view?contentsid=CONT_000000000500438#','(+82) 064-802-8000','#테마공원 #아이 #맑음');

INSERT INTO TOURSPOT (SPOT_NUM, SPOT_NAME, SPOT_COORD_X, SPOT_COORD_Y, SPOT_ADDRESS, SPOT_DESCRIPT, SPOT_HOMEPAGE, SPOT_PHONE, SPOT_CONTENT)
VALUES (9,'용눈이오름','33.422925','126.626829','제주특별자치도 제주시 구좌읍 종달논길','용이 누웠던 자리, 용눈이오름 <br> #일출 #밤 #오름 #걷기/등산 #친구','https://www.visitjeju.net/kr/detail/view?contentsid=CONT_000000000500466#','(+82) 064-710-6043','#일출 #밤 #오름 #걷기/등산 #친구');

INSERT INTO TOURSPOT (SPOT_NUM, SPOT_NAME, SPOT_COORD_X, SPOT_COORD_Y, SPOT_ADDRESS, SPOT_DESCRIPT, SPOT_HOMEPAGE, SPOT_PHONE, SPOT_CONTENT)
VALUES (10,'성산일출봉','33.464899','126.933888','제주특별자치도 서귀포시 성산읍 일출로 284-12','UNESCO 세계자연유산, 아름다운 자연의 선물<br> #일출 #오름 #경관/포토','https://www.visitjeju.net/kr/detail/view?contentsid=CONT_000000000500349#','(+82) 064-783-0959','#일출 #오름 #경관/포토');

INSERT INTO TOURSPOT (SPOT_NUM, SPOT_NAME, SPOT_COORD_X, SPOT_COORD_Y, SPOT_ADDRESS, SPOT_DESCRIPT, SPOT_HOMEPAGE, SPOT_PHONE, SPOT_CONTENT)
VALUES (11,'섭지코지','33.424466','126.931140','제주특별자치도 서귀포시 성산읍 고성리','여유가 느껴지는 제주의 아름다움<br> #일출 #해변 #경관/포토','https://www.visitjeju.net/kr/detail/view?contentsid=CONT_000000000500343#','(+82) 064-740-6000','#일출 #해변 #경관/포토');

INSERT INTO TOURSPOT (SPOT_NUM, SPOT_NAME, SPOT_COORD_X, SPOT_COORD_Y, SPOT_ADDRESS, SPOT_DESCRIPT, SPOT_HOMEPAGE, SPOT_PHONE, SPOT_CONTENT)
VALUES (12,'쇠소깍','33.252589','126.623553','제주특별자치도 서귀포시 쇠소깍로 128','소가 누워 있는 모습의 연못<br> #계곡 #휴식/힐링 #액티비티 #커플','https://www.visitjeju.net/kr/detail/view?contentsid=CONT_000000000500384#','(+82) 064-732-1562','#계곡 #휴식/힐링 #액티비티 #커플');

INSERT INTO TOURSPOT (SPOT_NUM, SPOT_NAME, SPOT_COORD_X, SPOT_COORD_Y, SPOT_ADDRESS, SPOT_DESCRIPT, SPOT_HOMEPAGE, SPOT_PHONE, SPOT_CONTENT)
VALUES (13,'카멜리아힐','33.288949','126.370117','제주 서귀포시 안덕면 병악로 166','동양에서 가장 규모가 큰 동백수목원<br> #경관/포토 #커플 #아이 #인싸 #사진맛집','https://www.visitjeju.net/kr/detail/view?contentsid=CNTS_000000000001195#','(+82) 064-792-0088','#경관/포토 #커플 #아이 #인싸 #사진맛집');

INSERT INTO TOURSPOT (SPOT_NUM, SPOT_NAME, SPOT_COORD_X, SPOT_COORD_Y, SPOT_ADDRESS, SPOT_DESCRIPT, SPOT_HOMEPAGE, SPOT_PHONE, SPOT_CONTENT)
VALUES (14,'천지연폭포','33.247176','126.554642','제주특별자치도 서귀포시 남성중로 2-15','하늘과 땅이 만나 이루어진 연못<br> #폭포 #밤 #경관/포토','https://www.visitjeju.net/kr/detail/view?contentsid=CONT_000000000500618#','(+82) 064-760-6304','#폭포 #밤 #경관/포토');

INSERT INTO TOURSPOT (SPOT_NUM, SPOT_NAME, SPOT_COORD_X, SPOT_COORD_Y, SPOT_ADDRESS, SPOT_DESCRIPT, SPOT_HOMEPAGE, SPOT_PHONE, SPOT_CONTENT)
VALUES (15,'용머리해안','33.231846','126.314647','제주특별자치도 서귀포시 안덕면 사계리','바다속으로 들어가는 용의 머리를 닮은 해안<br> #해변 #휴식/힐링 #부모 #커플','https://www.visitjeju.net/kr/detail/view?contentsid=CONT_000000000500471#','(+82) 064-794-2940','#해변 #휴식/힐링 #부모 #커플');

INSERT INTO TOURSPOT (SPOT_NUM, SPOT_NAME, SPOT_COORD_X, SPOT_COORD_Y, SPOT_ADDRESS, SPOT_DESCRIPT, SPOT_HOMEPAGE, SPOT_PHONE, SPOT_CONTENT)
VALUES (16,'마라도','33.120618','126.267099','제주특별자치도 서귀포시 대정읍 마라로101번길 46','섬 전체가 국가 천연기념물, 최남단의 섬<br> #섬속의섬 #휴식/힐링 #부모','https://www.visitjeju.net/kr/detail/view?contentsid=CONT_000000000500171#','(+82) 064-760-4014','#섬속의섬 #휴식/힐링 #부모');

INSERT INTO TOURSPOT (SPOT_NUM, SPOT_NAME, SPOT_COORD_X, SPOT_COORD_Y, SPOT_ADDRESS, SPOT_DESCRIPT, SPOT_HOMEPAGE, SPOT_PHONE, SPOT_CONTENT)
VALUES (17,'정방폭포','33.244753','126.571824','제주특별자치도 서귀포시 칠십리로214번길 37','국내 유일, 뭍에서 바다로 직접 떨어지는 폭포<br> #폭포 #경관/포토 #커플','https://www.visitjeju.net/kr/detail/view?contentsid=CONT_000000000500531#','(+82) 064-733-1530','#폭포 #경관/포토 #커플');

INSERT INTO TOURSPOT (SPOT_NUM, SPOT_NAME, SPOT_COORD_X, SPOT_COORD_Y, SPOT_ADDRESS, SPOT_DESCRIPT, SPOT_HOMEPAGE, SPOT_PHONE, SPOT_CONTENT)
VALUES (18,'외돌개','33.239060','126.544586','제주특별자치도 서귀포시 서홍동 791','바다 위에 홀로 우뚝 서있는 ‘외돌개’<br> #일출 #해변 #경관/포토 #장군석 #할망바위','https://www.visitjeju.net/kr/detail/view?contentsid=CNTS_000000000018409#','(+82) 064-760-3192','#일출 #해변 #경관/포토 #장군석 #할망바위');

INSERT INTO TOURSPOT (SPOT_NUM, SPOT_NAME, SPOT_COORD_X, SPOT_COORD_Y, SPOT_ADDRESS, SPOT_DESCRIPT, SPOT_HOMEPAGE, SPOT_PHONE, SPOT_CONTENT)
VALUES (19,'제주레일바이크','33.464286','126.836509','제주특별자치도 제주시 구좌읍 용눈이오름로 641','제주 경관을 즐기는 레저관광<br> #친구 #경관/포토 #체험관광 #엑티비티 <br> #데이트 #레일바이크','https://www.visitjeju.net/kr/detail/view?contentsid=CNTS_000000000020139#','(+82) 064-783-0033','#체험관광 #엑티비티 #데이트 #레일바이크');

INSERT INTO TOURSPOT (SPOT_NUM, SPOT_NAME, SPOT_COORD_X, SPOT_COORD_Y, SPOT_ADDRESS, SPOT_DESCRIPT, SPOT_HOMEPAGE, SPOT_PHONE, SPOT_CONTENT)
VALUES (20,'제주레포츠랜드','33.482381','126.638670','제주특별자치도 제주시 조천읍 와흘상서2길 47','다양한 체험시설이 있는 복합휴양레저테마파크<br> #레이싱카트 #산악버기카 #짚라인 <br>#서바이벌 #사계절썰매 #사격','https://www.visitjeju.net/kr/detail/view?contentsid=CNTS_000000000019535#','(+82) 064-784-8800','#레이싱카트 #산악버기카 #짚라인');

INSERT INTO TOURSPOT (SPOT_NUM, SPOT_NAME, SPOT_COORD_X, SPOT_COORD_Y, SPOT_ADDRESS, SPOT_DESCRIPT, SPOT_HOMEPAGE, SPOT_PHONE, SPOT_CONTENT)
VALUES (21,'월정리 카약체험장','33.563473','126.780242','제주특별자치도 제주시 구좌읍 일주동로 2361-2','투명한 에메랄드 빛 바다가 있는<br> 정리 해변에서 즐기는 투명카약<br> #액티비티 #커플 #여름 #카약','https://www.visitjeju.net/kr/detail/view?contentsid=CNTS_000000000018444#','(+82) 064-743-0051','#액티비티 #커플 #여름 #카약');

INSERT INTO TOURSPOT (SPOT_NUM, SPOT_NAME, SPOT_COORD_X, SPOT_COORD_Y, SPOT_ADDRESS, SPOT_DESCRIPT, SPOT_HOMEPAGE, SPOT_PHONE, SPOT_CONTENT)
VALUES (22,'그랑블루 요트투어','33.238237','126.439629','제주특별자치도 서귀포시 대포로 174','생일, 프러포즈, 웨딩촬영 등<br> 이벤트를 즐길 수 있는 요트투어<br> #액티비티 #커플 #여름 #요트','https://www.visitjeju.net/kr/detail/view?contentsid=CNTS_000000000020963#','(+82) 064-739-7776','#액티비티 #커플 #여름 #요트');

INSERT INTO TOURSPOT (SPOT_NUM, SPOT_NAME, SPOT_COORD_X, SPOT_COORD_Y, SPOT_ADDRESS, SPOT_DESCRIPT, SPOT_HOMEPAGE, SPOT_PHONE, SPOT_CONTENT)
VALUES (23,'조랑말 체험공원','33.383127','126.736251','제주특별자치도 서귀포시 표선면 녹산로 381-15','600년 목축문화의 역사를 녹여만든<br> 말 박물관, 카페, 아트숍, 너른 승마체험장 <br>#승마 #액티비티 #아이','https://www.visitjeju.net/kr/detail/view?contentsid=CONT_000000000500588#','(+82) 064-787-0960','#승마 #액티비티 #아이');

INSERT INTO TOURSPOT (SPOT_NUM, SPOT_NAME, SPOT_COORD_X, SPOT_COORD_Y, SPOT_ADDRESS, SPOT_DESCRIPT, SPOT_HOMEPAGE, SPOT_PHONE, SPOT_CONTENT)
VALUES (24,'제주하늘을날다','33.356364','126.296477','제주특별자치도 제주시 용담로20길 9','아름다운 제주의 자연이 발 아래 펼쳐지는 <br> 패러글라이딩<br> #액티비티 #친구 #연인 #페러글라이딩','https://www.visitjeju.net/kr/detail/view?contentsid=CONT_000000000500577#','(+82) 010-9632-0422','#액티비티 #친구 #연인 #페러글라이딩');

INSERT INTO TOURSPOT (SPOT_NUM, SPOT_NAME, SPOT_COORD_X, SPOT_COORD_Y, SPOT_ADDRESS, SPOT_DESCRIPT, SPOT_HOMEPAGE, SPOT_PHONE, SPOT_CONTENT)
VALUES (25,'곽지레저·서프나우','33.449176','126.303958','제주특별자치도 제주시 애월읍 곽지1길 34','모든 서핑 종류의 레저를 즐길 수 있는 곳<br> #초보자 환영 #체험관광 #액티비티<br>#여름 #해변 #청년 #서핑</b>','https://www.visitjeju.net/kr/detail/view?contentsid=CNTS_200000000008673#','(+82) 010-8786-2881','#여름 #해변 #청년 #서핑');

INSERT INTO TOURSPOT (SPOT_NUM, SPOT_NAME, SPOT_COORD_X, SPOT_COORD_Y, SPOT_ADDRESS, SPOT_DESCRIPT, SPOT_HOMEPAGE, SPOT_PHONE, SPOT_CONTENT)
VALUES (26,'워터쇼월드','33.402680','126.778673','제주특별자치도 서귀포시 표선면 번영로 2564-21','마상공연과 낙타트래킹을 한 곳에서<br> 동시에 이용할 수 있는 곳<br> #액티비티 #친구#커플 #낙타','https://www.visitjeju.net/kr/detail/view?contentsid=CNTS_000000000022171#','(+82) 064-787-2256','#액티비티 #친구#커플 #낙타');

INSERT INTO TOURSPOT (SPOT_NUM, SPOT_NAME, SPOT_COORD_X, SPOT_COORD_Y, SPOT_ADDRESS, SPOT_DESCRIPT, SPOT_HOMEPAGE, SPOT_PHONE, SPOT_CONTENT)
VALUES (27,'세리월드','33.247283','126.512246','제주특별자치도 서귀포시 법환상로2번길 97-13','동백나무 미로공원과 승마체험, <br> 그리고 카트레이싱을 함께 <br> #액티비티 #아이# 커플 #친구 #레이싱카트','https://www.visitjeju.net/kr/detail/view?contentsid=CNTS_000000000021169#','(+82) 064-739-8254','#액티비티 #친구 #레이싱카트');




----------------tourspotIMG------------

INSERT INTO TOURSPOTIMG (IMG_NUM, IMG_PATH, SPOT_NUM, STATUS) 
VALUES (1, 'resources/images/우도.jpg',1,0);

INSERT INTO TOURSPOTIMG (IMG_NUM, IMG_PATH, SPOT_NUM, STATUS) 
VALUES (2, 'resources/images/협재해수욕장.jpg',2,0);

INSERT INTO TOURSPOTIMG (IMG_NUM, IMG_PATH, SPOT_NUM, STATUS) 
VALUES (3, 'resources/images/한라산.jpg',3,0);

INSERT INTO TOURSPOTIMG (IMG_NUM, IMG_PATH, SPOT_NUM, STATUS) 
VALUES (4, 'resources/images/사려니숲길.jpg',4,0);

INSERT INTO TOURSPOTIMG (IMG_NUM, IMG_PATH, SPOT_NUM, STATUS) 
VALUES (5, 'resources/images/월정리해변.jpg',5,0);

INSERT INTO TOURSPOTIMG (IMG_NUM, IMG_PATH, SPOT_NUM, STATUS) 
VALUES (6, 'resources/images/비자림.jpg',6,0);

INSERT INTO TOURSPOTIMG (IMG_NUM, IMG_PATH, SPOT_NUM, STATUS) 
VALUES (7, 'resources/images/제주43평화공원.jpg',7,0);

INSERT INTO TOURSPOTIMG (IMG_NUM, IMG_PATH, SPOT_NUM, STATUS) 
VALUES (8, 'resources/images/에코랜드.jpg',8,0);

INSERT INTO TOURSPOTIMG (IMG_NUM, IMG_PATH, SPOT_NUM, STATUS) 
VALUES (9, 'resources/images/용눈이오름.jpg',9,0);

INSERT INTO TOURSPOTIMG (IMG_NUM, IMG_PATH, SPOT_NUM, STATUS) 
VALUES (10, 'resources/images/성산일출봉.jpg',10,0);

INSERT INTO TOURSPOTIMG (IMG_NUM, IMG_PATH, SPOT_NUM, STATUS) 
VALUES (11, 'resources/images/섭지코지.jpg',11,0);

INSERT INTO TOURSPOTIMG (IMG_NUM, IMG_PATH, SPOT_NUM, STATUS) 
VALUES (12, 'resources/images/쇠소깍.jpg',12,0);

INSERT INTO TOURSPOTIMG (IMG_NUM, IMG_PATH, SPOT_NUM, STATUS) 
VALUES (13, 'resources/images/카멜리아힐.jpg',13,0);

INSERT INTO TOURSPOTIMG (IMG_NUM, IMG_PATH, SPOT_NUM, STATUS) 
VALUES (14, 'resources/images/천지연폭포.jpg',14,0);

INSERT INTO TOURSPOTIMG (IMG_NUM, IMG_PATH, SPOT_NUM, STATUS) 
VALUES (15, 'resources/images/용머리해안.jpg',15,0);

INSERT INTO TOURSPOTIMG (IMG_NUM, IMG_PATH, SPOT_NUM, STATUS) 
VALUES (16, 'resources/images/마라도.jpg',16,0);

INSERT INTO TOURSPOTIMG (IMG_NUM, IMG_PATH, SPOT_NUM, STATUS) 
VALUES (17, 'resources/images/정방폭포.jpg',17,0);

INSERT INTO TOURSPOTIMG (IMG_NUM, IMG_PATH, SPOT_NUM, STATUS) 
VALUES (18, 'resources/images/외돌개.jpg',18,0);

INSERT INTO TOURSPOTIMG (IMG_NUM, IMG_PATH, SPOT_NUM, STATUS) 
VALUES (19, 'resources/images/제주레일바이크.jpg',19,0);

INSERT INTO TOURSPOTIMG (IMG_NUM, IMG_PATH, SPOT_NUM, STATUS) 
VALUES (20, 'resources/images/제주레포츠랜드.jpg',20,0);

INSERT INTO TOURSPOTIMG (IMG_NUM, IMG_PATH, SPOT_NUM, STATUS) 
VALUES (21, 'resources/images/카약체험장.jpg',21,0);

INSERT INTO TOURSPOTIMG (IMG_NUM, IMG_PATH, SPOT_NUM, STATUS) 
VALUES (22, 'resources/images/그랑블루요트투어.jpg',22,0);

INSERT INTO TOURSPOTIMG (IMG_NUM, IMG_PATH, SPOT_NUM, STATUS) 
VALUES (23, 'resources/images/조랑말체험공원.png',23,0);

INSERT INTO TOURSPOTIMG (IMG_NUM, IMG_PATH, SPOT_NUM, STATUS) 
VALUES (24, 'resources/images/제주하늘을날다.png',24,0);

INSERT INTO TOURSPOTIMG (IMG_NUM, IMG_PATH, SPOT_NUM, STATUS) 
VALUES (25, 'resources/images/서핑.jpg',25,0);

INSERT INTO TOURSPOTIMG (IMG_NUM, IMG_PATH, SPOT_NUM, STATUS) 
VALUES (26, 'resources/images/낙타트래킹.PNG',26,0);

INSERT INTO TOURSPOTIMG (IMG_NUM, IMG_PATH, SPOT_NUM, STATUS) 
VALUES (27, 'resources/images/세리월드.jpg',27,0);









---------- festival ------------    
    
INSERT INTO FESTIVAL (FESTIVAL_NUM, FESTIVAL_NAME, FESTIVAL_DESCRIPT, FESTIVAL_PLAN)
VALUES (1,'제주윈터페스티벌', '겨울을 느껴보자! <br> 원도심에서 즐길 수 있는 제주의 겨울', '12/20 ~ 01/06');

INSERT INTO FESTIVAL (FESTIVAL_NUM, FESTIVAL_NAME, FESTIVAL_DESCRIPT, FESTIVAL_PLAN)
VALUES (2,'국제펭귄수영대회', '펭귄 수영입수 및 펭귄핀 달리기, <br> 펭귄 씨름왕 선발', '12/20 ~ 01/06');

INSERT INTO FESTIVAL (FESTIVAL_NUM, FESTIVAL_NAME, FESTIVAL_DESCRIPT, FESTIVAL_PLAN)
VALUES (3,'제주즐기세', '품질 좋은 다양한 흑돼지를 <br> 저렴한 가격으로 맛볼 수 있는 기회', '12/20 ~ 01/06');

INSERT INTO FESTIVAL (FESTIVAL_NUM, FESTIVAL_NAME, FESTIVAL_DESCRIPT, FESTIVAL_PLAN)
VALUES (4,'빛의 벙커(클림트)', '빛의 벙커 그이름, 클림트', '02/01 ~ 02/28');

INSERT INTO FESTIVAL (FESTIVAL_NUM, FESTIVAL_NAME, FESTIVAL_DESCRIPT, FESTIVAL_PLAN)
VALUES (5,'탐라국입춘굿놀이', '제주 원도심에서 만나는 봄맞이 축제', '02/02 ~ 02/04');

INSERT INTO FESTIVAL (FESTIVAL_NUM, FESTIVAL_NAME, FESTIVAL_DESCRIPT, FESTIVAL_PLAN)
VALUES (6,'한림공원 매화축제', '봄의 전령사 "매화"를 만날 수 있는 기회', '02/01 ~ 02/28');

INSERT INTO FESTIVAL (FESTIVAL_NUM, FESTIVAL_NAME, FESTIVAL_DESCRIPT, FESTIVAL_PLAN)
VALUES (7,'제주들불축제', '들불, 꿈을 싣고 세계를 밝히다', '03/07 ~ 03/10');

INSERT INTO FESTIVAL (FESTIVAL_NUM, FESTIVAL_NAME, FESTIVAL_DESCRIPT, FESTIVAL_PLAN)
VALUES (8,'제주왕벚꽃축제', '제주의 왕벚꽃 명소에서 즐기는 축제', '03/27 ~ 03/29');

INSERT INTO FESTIVAL (FESTIVAL_NUM, FESTIVAL_NAME, FESTIVAL_DESCRIPT, FESTIVAL_PLAN)
VALUES (9,'상효원튤립축제', '힐링 수목원 상효원의 봄향기 가득한 튤립축제', '03/01 ~ 04/07');

INSERT INTO FESTIVAL (FESTIVAL_NUM, FESTIVAL_NAME, FESTIVAL_DESCRIPT, FESTIVAL_PLAN)
VALUES (10,'놀젠? 놀자!', '매주 토요일 밤엔 탐라문화광장에서 놀자!', '04/20 ~ 05/25');

INSERT INTO FESTIVAL (FESTIVAL_NUM, FESTIVAL_NAME, FESTIVAL_DESCRIPT, FESTIVAL_PLAN)
VALUES (11,'우도소라축제', '천진항, 제 11회 우도 소라 축제', '04/12 ~ 04/14');

INSERT INTO FESTIVAL (FESTIVAL_NUM, FESTIVAL_NAME, FESTIVAL_DESCRIPT, FESTIVAL_PLAN)
VALUES (12,'4·3미술제(경야)', '[경야/經夜WAKE], 밤을 새우다', '04/03 ~ 04/30');

INSERT INTO FESTIVAL (FESTIVAL_NUM, FESTIVAL_NAME, FESTIVAL_DESCRIPT, FESTIVAL_PLAN)
VALUES (13,'보롬왓 축제', '두번째 바깥놀이, 보롬왓 축제', '05/04 ~ 05/06');

INSERT INTO FESTIVAL (FESTIVAL_NUM, FESTIVAL_NAME, FESTIVAL_DESCRIPT, FESTIVAL_PLAN)
VALUES (14,'국제 전기자동차 엑스포', '제6회 국제전기자동차엑스포', '05/08 ~ 05/11');

INSERT INTO FESTIVAL (FESTIVAL_NUM, FESTIVAL_NAME, FESTIVAL_DESCRIPT, FESTIVAL_PLAN)
VALUES (15,'방선문 축제', '신선이 되어보자, 방선문축제', '05/04 ~ 05/05');

INSERT INTO FESTIVAL (FESTIVAL_NUM, FESTIVAL_NAME, FESTIVAL_DESCRIPT, FESTIVAL_PLAN)
VALUES (16,'곶자왈 반딧불이 축제', '별 흐르는 마을 청수리', '06/01 ~ 07/15');

INSERT INTO FESTIVAL (FESTIVAL_NUM, FESTIVAL_NAME, FESTIVAL_DESCRIPT, FESTIVAL_PLAN)
VALUES (17,'제주메밀 축제', '메밀 생산량 1위! 제주의 메밀 축제', '06/01 ~ 06/02');

INSERT INTO FESTIVAL (FESTIVAL_NUM, FESTIVAL_NAME, FESTIVAL_DESCRIPT, FESTIVAL_PLAN)
VALUES (18,'보목자리 돔축제', '그림 같은 서귀포 앞바다에서 즐기는 별미 축제', '05/31 ~ 06/02');

INSERT INTO FESTIVAL (FESTIVAL_NUM, FESTIVAL_NAME, FESTIVAL_DESCRIPT, FESTIVAL_PLAN)
VALUES (19,'예래 생태체험 축제', '생태의 보고, 서귀포 예래', '07/27 ~ 07/28');

INSERT INTO FESTIVAL (FESTIVAL_NUM, FESTIVAL_NAME, FESTIVAL_DESCRIPT, FESTIVAL_PLAN)
VALUES (20,'삼다공원 야간콘서트', '삼다공원 야간콘서트·야몬딱털장', '04/26 ~ 08/23');

INSERT INTO FESTIVAL (FESTIVAL_NUM, FESTIVAL_NAME, FESTIVAL_DESCRIPT, FESTIVAL_PLAN)
VALUES (21,'CRAFT BEER FESTA', '제주 수제 맥주 대표 맥파이!', '07/01 ~ 08/31');

INSERT INTO FESTIVAL (FESTIVAL_NUM, FESTIVAL_NAME, FESTIVAL_DESCRIPT, FESTIVAL_PLAN)
VALUES (22,'제주 국제관악제', '섬, 그 바람의 울림 "제주국제관악제"', '08/08 ~ 08/16');

INSERT INTO FESTIVAL (FESTIVAL_NUM, FESTIVAL_NAME, FESTIVAL_DESCRIPT, FESTIVAL_PLAN)
VALUES (23,'표선해변 하얀모래축제', '광어잡기, 연사랑 체험, 비치싸커 등', '08/03 ~ 08/04');

INSERT INTO FESTIVAL (FESTIVAL_NUM, FESTIVAL_NAME, FESTIVAL_DESCRIPT, FESTIVAL_PLAN)
VALUES (24,'이호테우축제', '이호테우 해수욕장의 신나는 축제!', '08/02 ~ 08/04');

INSERT INTO FESTIVAL (FESTIVAL_NUM, FESTIVAL_NAME, FESTIVAL_DESCRIPT, FESTIVAL_PLAN)
VALUES (25,'누웨마루 페스티벌', '누웨마루거리에서 펼쳐지는 <br> 선선한 가을밤 뮤직 페스티벌', '09/14 ~ 10/12');

INSERT INTO FESTIVAL (FESTIVAL_NUM, FESTIVAL_NAME, FESTIVAL_DESCRIPT, FESTIVAL_PLAN)
VALUES (26,'참굴비대축제', '섬 속의 섬 추자도에서 <br> 자유와 여유를 즐겨보세요', '09/14 ~ 09/16');

INSERT INTO FESTIVAL (FESTIVAL_NUM, FESTIVAL_NAME, FESTIVAL_DESCRIPT, FESTIVAL_PLAN)
VALUES (27,'서귀포칠십리 축제', '칠십리의 전통을 되살린 화합의 장', '09/27 ~ 09/29');

INSERT INTO FESTIVAL (FESTIVAL_NUM, FESTIVAL_NAME, FESTIVAL_DESCRIPT, FESTIVAL_PLAN)
VALUES (28,'THE CJ CUP', '한국 최초의 PGA TOUR 정규대회, <br> "THE CJ CUP@NINE BRIDGES JEJU" ', '10/18 ~ 10/21');

INSERT INTO FESTIVAL (FESTIVAL_NUM, FESTIVAL_NAME, FESTIVAL_DESCRIPT, FESTIVAL_PLAN)
VALUES (29,'제주음식 박람회', '제주의 독특한 음식 문화를 즐겨보세요', '10/05 ~ 10/07');

INSERT INTO FESTIVAL (FESTIVAL_NUM, FESTIVAL_NAME, FESTIVAL_DESCRIPT, FESTIVAL_PLAN)
VALUES (30,'제주마축제', '제주의 오랜 전통을 자랑하는 "말" 축제', '10/13 ~ 10/14');

INSERT INTO FESTIVAL (FESTIVAL_NUM, FESTIVAL_NAME, FESTIVAL_DESCRIPT, FESTIVAL_PLAN)
VALUES (31,'방어축제', '모슬포항에서 열리는 해양 문화 축제', '11/29 ~ 12/02');

INSERT INTO FESTIVAL (FESTIVAL_NUM, FESTIVAL_NAME, FESTIVAL_DESCRIPT, FESTIVAL_PLAN)
VALUES (32,'아트제주2019', '4회를 맞이한 제주 최대 규모 국제 아트페어', '11/28 ~ 12/01');

INSERT INTO FESTIVAL (FESTIVAL_NUM, FESTIVAL_NAME, FESTIVAL_DESCRIPT, FESTIVAL_PLAN)
VALUES (33,'제주100년 시간여행', '1919년 미밋동산을 기억하며..', '05/04 ~ 11/30');

INSERT INTO FESTIVAL (FESTIVAL_NUM, FESTIVAL_NAME, FESTIVAL_DESCRIPT, FESTIVAL_PLAN)
VALUES (34,'원도심이 와랑와랑', '크리스마스 파티는 여기에서!', '12/22 ~ 01/23');

INSERT INTO FESTIVAL (FESTIVAL_NUM, FESTIVAL_NAME, FESTIVAL_DESCRIPT, FESTIVAL_PLAN)
VALUES (35,'빛의 벙커(클림트)', '빛의 벙커 그이름, 클림트', '11/16 ~ 10/27');

INSERT INTO FESTIVAL (FESTIVAL_NUM, FESTIVAL_NAME, FESTIVAL_DESCRIPT, FESTIVAL_PLAN)
VALUES (36,'CRAFT BEER FESTA', '저렴한 가격으로 흑돼지를 맛볼 수 있는 기회', '12/20 ~ 01/06');








---------- festival Img ------------  

INSERT INTO FESTIVALIMG (FESTIVALIMG_NUM, FESTIVALIMG_PATH, FESTIVAL_NUM)
VALUES (1,'https://api.visitjeju.net/photomng/imgpath/201811/20/c68b2685-d7fa-434f-be9c-8304f292487e.jpg', 1);

INSERT INTO FESTIVALIMG (FESTIVALIMG_NUM, FESTIVALIMG_PATH, FESTIVAL_NUM)
VALUES (2,'https://api.visitjeju.net/photomng/imgpath/201812/11/e3cd820e-f936-4cb1-9a0f-a32c52581a95.JPG', 2);

INSERT INTO FESTIVALIMG (FESTIVALIMG_NUM, FESTIVALIMG_PATH, FESTIVAL_NUM)
VALUES (3,'https://api.visitjeju.net/photomng/imgpath/201902/01/8d55d442-f895-4918-a11a-919ce057efe7.jpg', 3);

INSERT INTO FESTIVALIMG (FESTIVALIMG_NUM, FESTIVALIMG_PATH, FESTIVAL_NUM)
VALUES (4,'https://api.visitjeju.net/photomng/imgpath/201811/20/8243164f-e76d-4c0b-8a99-c4a385f6bcfa.jpg', 4);

INSERT INTO FESTIVALIMG (FESTIVALIMG_NUM, FESTIVALIMG_PATH, FESTIVAL_NUM)
VALUES (5,'https://api.visitjeju.net/photomng/thumbnailpath/201804/30/98040cf4-e494-4222-bf26-bbe408d814cc.png', 5);

INSERT INTO FESTIVALIMG (FESTIVALIMG_NUM, FESTIVALIMG_PATH, FESTIVAL_NUM)
VALUES (6,'https://api.visitjeju.net/photomng/imgpath/201901/28/9fd61564-e31d-4195-a01b-be7b001bc94c.jpg', 6);

INSERT INTO FESTIVALIMG (FESTIVALIMG_NUM, FESTIVALIMG_PATH, FESTIVAL_NUM)
VALUES (7,'https://api.visitjeju.net/photomng/imgpath/201901/03/d53448f1-779f-433b-a0d2-1e9f3f177d0d.jpg', 7);

INSERT INTO FESTIVALIMG (FESTIVALIMG_NUM, FESTIVALIMG_PATH, FESTIVAL_NUM)
VALUES (8,'https://api.visitjeju.net/photomng/imgpath/201804/30/c5f31522-cc19-4c05-a46e-51570d5ab957.jpg', 8);

INSERT INTO FESTIVALIMG (FESTIVALIMG_NUM, FESTIVALIMG_PATH, FESTIVAL_NUM)
VALUES (9,'https://api.visitjeju.net/photomng/imgpath/201902/07/e9ddad34-1a30-4a28-8dae-5426822d6201.jpg', 9);

INSERT INTO FESTIVALIMG (FESTIVALIMG_NUM, FESTIVALIMG_PATH, FESTIVAL_NUM)
VALUES (10,'https://api.visitjeju.net/photomng/imgpath/201904/09/0fe2490c-c44d-4ea6-9180-8d905feb9721.jpg', 10);

INSERT INTO FESTIVALIMG (FESTIVALIMG_NUM, FESTIVALIMG_PATH, FESTIVAL_NUM)
VALUES (11,'https://api.visitjeju.net/photomng/imgpath/201903/28/e17b94dc-fce8-4e47-9ef5-98998343806f.jpg', 11);

INSERT INTO FESTIVALIMG (FESTIVALIMG_NUM, FESTIVALIMG_PATH, FESTIVAL_NUM)
VALUES (12,'https://api.visitjeju.net/photomng/imgpath/201904/16/97191e39-c1d6-45c1-bd67-715acfed6356.jpg', 12);

INSERT INTO FESTIVALIMG (FESTIVALIMG_NUM, FESTIVALIMG_PATH, FESTIVAL_NUM)
VALUES (13,'https://api.visitjeju.net/photomng/imgpath/201904/05/928320d4-e5a2-4865-a4bd-bb2eb73fa663.jpg', 13);

INSERT INTO FESTIVALIMG (FESTIVALIMG_NUM, FESTIVALIMG_PATH, FESTIVAL_NUM)
VALUES (14,'https://api.visitjeju.net/photomng/imgpath/201904/24/b69d24c1-b541-4eff-ad6e-bf8236c7c000.JPG', 14);

INSERT INTO FESTIVALIMG (FESTIVALIMG_NUM, FESTIVALIMG_PATH, FESTIVAL_NUM)
VALUES (15,'https://api.visitjeju.net/photomng/imgpath/201907/08/d8c8cdda-b414-4541-bdbb-7ddfa1c659da.jpg', 15);

INSERT INTO FESTIVALIMG (FESTIVALIMG_NUM, FESTIVALIMG_PATH, FESTIVAL_NUM)
VALUES (16,'https://api.visitjeju.net/photomng/imgpath/201905/27/1341df5b-c40b-4801-868f-1f85c9302283.jpg', 16);

INSERT INTO FESTIVALIMG (FESTIVALIMG_NUM, FESTIVALIMG_PATH, FESTIVAL_NUM)
VALUES (17,'https://api.visitjeju.net/photomng/imgpath/201905/21/b85c31ef-5731-4f45-be36-587182b36aeb.jpg', 17);

INSERT INTO FESTIVALIMG (FESTIVALIMG_NUM, FESTIVALIMG_PATH, FESTIVAL_NUM)
VALUES (18,'//api.visitjeju.net/photomng/imgpath/201905/22/60f9a331-9286-4ff2-ad03-25fe6b6f7d9d.jpg', 18);

INSERT INTO FESTIVALIMG (FESTIVALIMG_NUM, FESTIVALIMG_PATH, FESTIVAL_NUM)
VALUES (19,'https://api.visitjeju.net/photomng/imgpath/201907/02/6dcca6de-393c-4442-9f20-95bf939dfc88.jpg', 19);

INSERT INTO FESTIVALIMG (FESTIVALIMG_NUM, FESTIVALIMG_PATH, FESTIVAL_NUM)
VALUES (20,'https://api.visitjeju.net/photomng/imgpath/201904/08/48923f5f-5dad-4fcf-987e-91a113052809.jpg', 20);

INSERT INTO FESTIVALIMG (FESTIVALIMG_NUM, FESTIVALIMG_PATH, FESTIVAL_NUM)
VALUES (21,'https://api.visitjeju.net/photomng/imgpath/201907/08/d8c8cdda-b414-4541-bdbb-7ddfa1c659da.jpg', 21);

INSERT INTO FESTIVALIMG (FESTIVALIMG_NUM, FESTIVALIMG_PATH, FESTIVAL_NUM)
VALUES (22,'https://api.visitjeju.net/photomng/imgpath/201907/11/f68d4610-868c-4345-a177-c8061afbd255.jpg', 22);

INSERT INTO FESTIVALIMG (FESTIVALIMG_NUM, FESTIVALIMG_PATH, FESTIVAL_NUM)
VALUES (23,'https://api.visitjeju.net/photomng/imgpath/201804/30/6781057d-b717-4fde-8c7a-0cde16ca5501.jpg', 23);

INSERT INTO FESTIVALIMG (FESTIVALIMG_NUM, FESTIVALIMG_PATH, FESTIVAL_NUM)
VALUES (24,'https://api.visitjeju.net/photomng/imgpath/201907/05/b1ac4b8f-2fde-43b7-b66c-52b73907dece.PNG', 24);

INSERT INTO FESTIVALIMG (FESTIVALIMG_NUM, FESTIVALIMG_PATH, FESTIVAL_NUM)
VALUES (25,'https://api.visitjeju.net/photomng/imgpath/201908/08/676b3de3-8dd6-432f-b739-e7459c65c772.jpg', 25);

INSERT INTO FESTIVALIMG (FESTIVALIMG_NUM, FESTIVALIMG_PATH, FESTIVAL_NUM)
VALUES (26,'https://api.visitjeju.net/photomng/imgpath/201809/10/a8335343-6765-496c-947f-71cb32b16ef2.jpg', 26);

INSERT INTO FESTIVALIMG (FESTIVALIMG_NUM, FESTIVALIMG_PATH, FESTIVAL_NUM)
VALUES (27,'https://api.visitjeju.net/photomng/imgpath/201807/04/3baffdcd-c582-4279-bc31-05df58bcba05.JPG', 27);

INSERT INTO FESTIVALIMG (FESTIVALIMG_NUM, FESTIVALIMG_PATH, FESTIVAL_NUM)
VALUES (28,'http://api.visitjeju.net/editorStore/file/201806/07/a69a3a52-1114-43b7-b197-aa2106a323aa.jpg', 28);

INSERT INTO FESTIVALIMG (FESTIVALIMG_NUM, FESTIVALIMG_PATH, FESTIVAL_NUM)
VALUES (29,'https://api.visitjeju.net/photomng/imgpath/201809/18/557b133d-709d-484c-ac80-29467fd7a044.jpg', 29);

INSERT INTO FESTIVALIMG (FESTIVALIMG_NUM, FESTIVALIMG_PATH, FESTIVAL_NUM)
VALUES (30,'https://api.visitjeju.net/photomng/imgpath/201809/17/6cc033e4-e30c-4f1d-9ed8-d20ec3ba33bd.jpg', 30);

INSERT INTO FESTIVALIMG (FESTIVALIMG_NUM, FESTIVALIMG_PATH, FESTIVAL_NUM)
VALUES (31,'https://api.visitjeju.net/photomng/imgpath/201811/15/355f6cbc-1c0c-4ebd-b8d4-ec1abcd436f4.JPG', 31);

INSERT INTO FESTIVALIMG (FESTIVALIMG_NUM, FESTIVALIMG_PATH, FESTIVAL_NUM)
VALUES (32,'https://api.visitjeju.net/photomng/imgpath/201908/20/454f33bf-0afd-4469-a20e-d8e28a9d781a.jpg', 32);

INSERT INTO FESTIVALIMG (FESTIVALIMG_NUM, FESTIVALIMG_PATH, FESTIVAL_NUM)
VALUES (33,'https://api.visitjeju.net/photomng/imgpath/201904/24/801e9181-6904-4c77-a7a9-ea6505f46bd1.jpg', 33);

INSERT INTO FESTIVALIMG (FESTIVALIMG_NUM, FESTIVALIMG_PATH, FESTIVAL_NUM)
VALUES (34,'https://api.visitjeju.net/photomng/imgpath/201811/20/8243164f-e76d-4c0b-8a99-c4a385f6bcfa.jpg', 34);

INSERT INTO FESTIVALIMG (FESTIVALIMG_NUM, FESTIVALIMG_PATH, FESTIVAL_NUM)
VALUES (35,'https://api.visitjeju.net/photomng/imgpath/201811/20/48ae20f4-ae4c-4e65-82c4-83742a7b0803.jpg', 35);

INSERT INTO FESTIVALIMG (FESTIVALIMG_NUM, FESTIVALIMG_PATH, FESTIVAL_NUM)
VALUES (36,'https://api.visitjeju.net/photomng/imgpath/201907/08/d8c8cdda-b414-4541-bdbb-7ddfa1c659da.jpg', 36);









--INSERT NOTICE
insert into NOTICE values(notice_seq.nextval,'제목1','내용1',SYSDATE,SYSDATE,'Y');
insert into NOTICE values(notice_seq.nextval,'제목2','내용2',SYSDATE,SYSDATE,'Y');
insert into NOTICE values(notice_seq.nextval,'제목3','내용3',SYSDATE,SYSDATE,'Y');
insert into NOTICE values(notice_seq.nextval,'제목4','내용4',SYSDATE,SYSDATE,'Y');
insert into NOTICE values(notice_seq.nextval,'제목5','내용5',SYSDATE,SYSDATE,'Y');
insert into NOTICE values(notice_seq.nextval,'제목6','내용6',SYSDATE,SYSDATE,'Y');
insert into NOTICE values(notice_seq.nextval,'제목7','내용7',SYSDATE,SYSDATE,'Y');
insert into NOTICE values(notice_seq.nextval,'제목8','내용8',SYSDATE,SYSDATE,'Y');
insert into NOTICE values(notice_seq.nextval,'제목9','내용9',SYSDATE,SYSDATE,'Y');


--리뷰 데이터
INSERT INTO REVIEW VALUES(REVIEW_SEQ.NEXTVAL,1,1,3,'내용1',SYSDATE);
INSERT INTO REVIEW VALUES(REVIEW_SEQ.NEXTVAL,1,1,3,'내용2',SYSDATE);
INSERT INTO REVIEW VALUES(REVIEW_SEQ.NEXTVAL,1,1,3,'내용3',SYSDATE);
INSERT INTO REVIEW VALUES(REVIEW_SEQ.NEXTVAL,1,1,3,'내용4',SYSDATE);
INSERT INTO REVIEW VALUES(REVIEW_SEQ.NEXTVAL,1,1,3,'내용5',SYSDATE);
INSERT INTO REVIEW VALUES(REVIEW_SEQ.NEXTVAL,1,1,3,'내용6',SYSDATE);


-- 숙소 예약 관리 뷰
CREATE OR REPLACE VIEW OWNERRESERVATION AS 
(SELECT ROWNUM RNUM, ROOM_NAME, RESERV_PAX, CHECKIN_DATE, CHECKOUT_DATE, RESERV_DATE, MEM_NAME, MEM_PHONE, RESERV_PRICE, OWNER_NUM
FROM RESERVATION
JOIN ROOM USING(ROOM_NUM)
JOIN ACCOMMODATION USING(ACM_NUM)
JOIN MEMBER USING(MEM_NUM));


--리뷰 리스트 페이징 처리 뷰
CREATE OR REPLACE VIEW RLIST AS
SELECT * 
FROM (SELECT ROWNUM RNUM,A.*
        FROM (SELECT REVIEW_NUM, MEM_NAME,ACM_NAME, REVIEW_SCORE,REVIEW_CONTENT,REVIEW_DATE
            FROM REVIEW
            JOIN MEMBER USING(MEM_NUM)
            JOIN ACCOMMODATION USING(ACM_NUM)
            ORDER BY REVIEW_NUM DESC) A);

--숙소 리스트 페이징 처리 뷰
CREATE OR REPLACE VIEW ACMLIST AS
SELECT * 
FROM( SELECT ROWnUM RNUM, A.*
        FROM(SELECT ACM_NUM,ACM_NAME,MEM_NAME,ACM_PHONE,ACM_TYPE,ACM_GRADE,ACM_POWER,ACM_STATUS,ACM_ADDRESS 
                FROM ACCOMMODATION A 
                JOIN MEMBER ON(A.OWNER_NUM = MEM_NUM)
                ORDER BY ACM_NUM DESC) A);
                
--어드민 인덱스 페이지 뷰
CREATE OR REPLACE VIEW ADMININDEX AS
SELECT * FROM(
SELECT (SELECT COUNT(*) FROM MEMBER WHERE MEM_STATUS = 'Y' AND MEM_TYPE='U')U_COUNT,
        (SELECT COUNT(*) FROM MEMBER WHERE MEM_STATUS = 'Y' AND MEM_TYPE='O')O_COUNT,
        (SELECT SUM(PAY_PRICE) FROM PAYMENT WHERE  PAY_CANCEL ='N')P_TOTAL
FROM DUAL WHERE ROWNUM=1);


COMMIT;


