-----------------삭제------------------
--접속유저의 모든테이블 및 제약조건 삭제
BEGIN
    FOR C IN (SELECT TABLE_NAME FROM USER_TABLES) LOOP
    EXECUTE IMMEDIATE ('DROP TABLE '||C.TABLE_NAME||' CASCADE CONSTRAINTS');
    END LOOP;
END;
/
--접속유저의 모든 시퀀스 삭제
BEGIN
FOR C IN (SELECT * FROM USER_SEQUENCES) LOOP
  EXECUTE IMMEDIATE 'DROP SEQUENCE '||C.SEQUENCE_NAME;
END LOOP;
END;
/
---------------------------------------

CREATE TABLE "NATION" (
	"NATION_CODE"	NUMBER		NOT NULL,
	"NATION_NAME"	VARCHAR2(3)	NOT NULL,
	"IMG_PATH"	VARCHAR2(300)	NOT NULL
);

COMMENT ON COLUMN "NATION"."NATION_CODE" IS '국가코드';

COMMENT ON COLUMN "NATION"."NATION_NAME" IS '국가명';

COMMENT ON COLUMN "NATION"."IMG_PATH" IS '이미지경로';




CREATE TABLE "MEMBER" (
	"MEM_NUM"	NUMBER		NOT NULL,
	"MEM_ID"		VARCHAR2(50)	NOT NULL,
	"MEM_PWD"	VARCHAR2(20)	NOT NULL,
	"MEM_NAME"	VARCHAR2(20)	NULL,
	"MEM_GENDER"	VARCHAR2(1)	CHECK(MEM_GENDER IN('M','F')),
	"MEM_PHONE"	VARCHAR2(15)	NULL,
	"NATION_CODE"	NUMBER		NOT NULL,
	"MEM_POINT"	NUMBER		NULL,
	"MEM_TYPE"	VARCHAR2(1)	CHECK(MEM_TYPE IN('A','O','U')),
	"MEM_STATUS"	VARCHAR2(1)	DEFAULT 'Y'	CHECK(MEM_STATUS IN('Y','N')),
	"ENROLL_DATE"	DATE		DEFAULT SYSDATE	NOT NULL,
	"OUT_DATE"	DATE		NULL,
	"NOSHOW"	NUMBER		DEFAULT 0 NOT NULL
);

COMMENT ON COLUMN "MEMBER"."MEM_NUM" IS '회원번호';

COMMENT ON COLUMN "MEMBER"."MEM_ID" IS '회원아이디';

COMMENT ON COLUMN "MEMBER"."MEM_PWD" IS '비밀번호';

COMMENT ON COLUMN "MEMBER"."MEM_NAME" IS '이름';

COMMENT ON COLUMN "MEMBER"."MEM_GENDER" IS '성별';

COMMENT ON COLUMN "MEMBER"."MEM_PHONE" IS '휴대폰';

COMMENT ON COLUMN "MEMBER"."NATION_CODE" IS '국가코드';

COMMENT ON COLUMN "MEMBER"."MEM_POINT" IS '포인트';

COMMENT ON COLUMN "MEMBER"."MEM_TYPE" IS '관리자A/오너O/사용자U';

COMMENT ON COLUMN "MEMBER"."MEM_STATUS" IS '상태(y/n)';

COMMENT ON COLUMN "MEMBER"."ENROLL_DATE" IS '가입일';

COMMENT ON COLUMN "MEMBER"."OUT_DATE" IS '탈퇴일(정지일)';

COMMENT ON COLUMN "MEMBER"."NOSHOW" IS '노쇼누적횟수';





CREATE TABLE "ACCOMMODATION" (
	"ACM_NUM"		NUMBER		NOT NULL,
	"ACM_NAME"		VARCHAR2(100)	NOT NULL,
	"MEM_NUM"		NUMBER		NOT NULL,
	"ACM_PHONE"		VARCHAR2(15)	NOT NULL,
	"ACM_ADDRESS"		VARCHAR2(100)	NOT NULL,
	"ACM_TYPE"		VARCHAR2(1)	CHECK(ACM_TYPE IN('H','R','C','G','M')),
	"ACM_GRADE"		NUMBER		CHECK(ACM_GRADE IN(1,2,3,4,5)),
	"ACM_DESCRIPT_A"	VARCHAR2(1000)	NOT NULL,
	"ACM_DESCRIPT_B"	VARCHAR2(1000)	NULL,
	"ACM_COORD_X"		VARCHAR2(30)	NOT NULL,
	"ACM_COORD_Y"		VARCHAR2(30)	NOT NULL,
	"ACM_DISTRICT"		VARCHAR2(20)	NOT NULL,
	"ACM_POWER"		VARCHAR2(1)	DEFAULT 'N' CHECK(ACM_POWER IN('Y','N')),
	"ACM_STATUS"		VARCHAR2(1)	DEFAULT 'N' CHECK(ACM_STATUS IN('Y','N'))
);

COMMENT ON COLUMN "ACCOMMODATION"."ACM_NUM" IS '숙소번호';

COMMENT ON COLUMN "ACCOMMODATION"."ACM_NAME" IS '숙소이름';

COMMENT ON COLUMN "ACCOMMODATION"."MEM_NUM" IS '오너의 회원번호';

COMMENT ON COLUMN "ACCOMMODATION"."ACM_PHONE" IS '숙소연락처';

COMMENT ON COLUMN "ACCOMMODATION"."ACM_ADDRESS" IS '주소';

COMMENT ON COLUMN "ACCOMMODATION"."ACM_TYPE" IS '숙소타입(H/R/C/G/M)';

COMMENT ON COLUMN "ACCOMMODATION"."ACM_GRADE" IS '몇성급인지';

COMMENT ON COLUMN "ACCOMMODATION"."ACM_DESCRIPT_A" IS '설명1';

COMMENT ON COLUMN "ACCOMMODATION"."ACM_DESCRIPT_B" IS '설명2';

COMMENT ON COLUMN "ACCOMMODATION"."ACM_COORD_X" IS 'X좌표';

COMMENT ON COLUMN "ACCOMMODATION"."ACM_COORD_Y" IS 'Y좌표';

COMMENT ON COLUMN "ACCOMMODATION"."ACM_DISTRICT" IS '구역(제주/서귀포)';

COMMENT ON COLUMN "ACCOMMODATION"."ACM_POWER" IS '파워등록여부(Y/N)';

COMMENT ON COLUMN "ACCOMMODATION"."ACM_STATUS" IS '숙소상태(Y:등록/N:등록대기중or삭제)';







CREATE TABLE "ACMIMG" (
	"IMG_NUM"	NUMBER		NOT NULL,
	"IMG_PATH"	VARCHAR2(300)	NOT NULL,
	"ACM_NUM"	NUMBER		NOT NULL,
	"STATUS"	NUMBER		CHECK(STATUS IN(0,1))
);

COMMENT ON COLUMN "ACMIMG"."IMG_NUM" IS '이미지번호';

COMMENT ON COLUMN "ACMIMG"."IMG_PATH" IS '이미지경로';

COMMENT ON COLUMN "ACMIMG"."ACM_NUM" IS '숙소번호';

COMMENT ON COLUMN "ACMIMG"."STATUS" IS '0 = 대표사진 / 1';







CREATE TABLE "ROOM" (
	"ROOM_NUM"		NUMBER		NOT NULL,
	"ACM_NUM"		NUMBER		NOT NULL,
	"ROOM_NAME"		VARCHAR2(50)	NOT NULL,
	"ROOM_PRICE"		NUMBER		NOT NULL,
	"ROOM_PAX"		NUMBER		NOT NULL,
	"ROOM_DESCRIPT_A"	VARCHAR2(500)	NULL,
	"ROOM_DESCRIPT_B"	VARCHAR2(500)	NULL,
	"ROOM_SMOKE"		VARCHAR2(1)	CHECK(ROOM_SMOKE IN('Y','N'))
);

COMMENT ON COLUMN "ROOM"."ROOM_NUM" IS '룸번호';

COMMENT ON COLUMN "ROOM"."ACM_NUM" IS '숙소번호';

COMMENT ON COLUMN "ROOM"."ROOM_NAME" IS '룸이름';

COMMENT ON COLUMN "ROOM"."ROOM_PRICE" IS '1박가격';

COMMENT ON COLUMN "ROOM"."ROOM_PAX" IS '룸정원';

COMMENT ON COLUMN "ROOM"."ROOM_DESCRIPT_A" IS '룸설명A';

COMMENT ON COLUMN "ROOM"."ROOM_DESCRIPT_B" IS '룸설명B';

COMMENT ON COLUMN "ROOM"."ROOM_SMOKE" IS '흡연가능여부(y/n)';








CREATE TABLE "ROOMIMG" (
	"IMG_NUM"	NUMBER		NOT NULL,
	"IMG_PATH"	VARCHAR2(300)	NOT NULL,
	"ROOM_NUM"	NUMBER		NOT NULL
);

COMMENT ON COLUMN "ROOMIMG"."IMG_NUM" IS '이미지번호';

COMMENT ON COLUMN "ROOMIMG"."IMG_PATH" IS '이미지경로';

COMMENT ON COLUMN "ROOMIMG"."ROOM_NUM" IS '룸번호';







CREATE TABLE "REVIEW" (
	"REVIEW_NUM"		NUMBER		NOT NULL,
	"MEM_NUM"		NUMBER		NOT NULL,
	"ACM_NUM"		NUMBER		NOT NULL,
	"REVIEW_SCORE"		NUMBER		NULL,
	"REVIEW_CONTENT"	VARCHAR2(300)	NOT NULL,
	"REVIEW_DATE"		DATE		DEFAULT SYSDATE NOT NULL
);

COMMENT ON COLUMN "REVIEW"."REVIEW_NUM" IS '후기번호';

COMMENT ON COLUMN "REVIEW"."MEM_NUM" IS '회원번호';

COMMENT ON COLUMN "REVIEW"."ACM_NUM" IS '숙소번호';

COMMENT ON COLUMN "REVIEW"."REVIEW_SCORE" IS '후기점수';

COMMENT ON COLUMN "REVIEW"."REVIEW_CONTENT" IS '후기내용';

COMMENT ON COLUMN "REVIEW"."REVIEW_DATE" IS '작성날짜';








CREATE TABLE "RESERVATION" (
	"RESERV_NUM"		NUMBER		NOT NULL,
	"MEM_NUM"		NUMBER		NOT NULL,
	"ROOM_NUM"		NUMBER		NOT NULL,
	"RESERV_PAX"		NUMBER		NOT NULL,
	"CHECKIN_DATE"		DATE		NOT NULL,
	"CHECKOUT_DATE"		DATE		NOT NULL,
	"RESERV_PRICE"		NUMBER		NOT NULL,
	"RESERV_CANCEL"		VARCHAR2(1)	DEFAULT 'N' CHECK(RESERV_CANCEL IN('Y','N')),
	"RESERV_DATE"		DATE		DEFAULT SYSDATE NOT NULL,
	"CANCEL_DATE"		DATE		NULL,
	"RESERV_REQUIRE"	VARCHAR2(200)	NULL,
	"NOSHOW"		VARCHAR2(1)	DEFAULT 'N' CHECK(NOSHOW IN('Y','N')),
	"STATUS"		VARCHAR2(1)	DEFAULT 'Y' CHECK(STATUS IN('Y','N'))

);

COMMENT ON COLUMN "RESERVATION"."RESERV_NUM" IS '예약번호';

COMMENT ON COLUMN "RESERVATION"."MEM_NUM" IS '회원번호';

COMMENT ON COLUMN "RESERVATION"."ROOM_NUM" IS '룸번호';

COMMENT ON COLUMN "RESERVATION"."RESERV_PAX" IS '예약한인원수';

COMMENT ON COLUMN "RESERVATION"."CHECKIN_DATE" IS '체크인날짜';

COMMENT ON COLUMN "RESERVATION"."CHECKOUT_DATE" IS '체크아웃날짜';

COMMENT ON COLUMN "RESERVATION"."RESERV_PRICE" IS '결제예상금액';

COMMENT ON COLUMN "RESERVATION"."RESERV_CANCEL" IS '예약취소';

COMMENT ON COLUMN "RESERVATION"."RESERV_DATE" IS '예약한날짜';

COMMENT ON COLUMN "RESERVATION"."CANCEL_DATE" IS '예약취소날짜';

COMMENT ON COLUMN "RESERVATION"."RESERV_REQUIRE" IS '고객요청사항';

COMMENT ON COLUMN "RESERVATION"."NOSHOW" IS '노쇼여부(y/n)';

COMMENT ON COLUMN "RESERVATION"."STATUS" IS '예약활성화상태(Y/N)';










CREATE TABLE "PAYMENT" (
	"PAY_NUM"	NUMBER		NOT NULL,
	"RESERV_NUM"	NUMBER		NOT NULL,
	"PAY_PRICE"	NUMBER		NOT NULL,
	"PAY_METHOD"	VARCHAR2(1)	NOT NULL,
	"PAY_CANCEL"	VARCHAR2(1)	DEFAULT 'N' CHECK(PAY_CANCEL IN('Y','N')),
	"PAY_DATE"	DATE		DEFAULT SYSDATE NOT NULL,
	"CANCEL_DATE"	DATE		NULL
);

COMMENT ON COLUMN "PAYMENT"."PAY_NUM" IS '결제번호';

COMMENT ON COLUMN "PAYMENT"."RESERV_NUM" IS '예약번호';

COMMENT ON COLUMN "PAYMENT"."PAY_PRICE" IS '실제결제가격';

COMMENT ON COLUMN "PAYMENT"."PAY_METHOD" IS '결제방법';

COMMENT ON COLUMN "PAYMENT"."PAY_CANCEL" IS '결제취소';

COMMENT ON COLUMN "PAYMENT"."PAY_DATE" IS '결제날짜';

COMMENT ON COLUMN "PAYMENT"."CANCEL_DATE" IS '결제취소날짜';









CREATE TABLE "TOURSPOT" (
	"SPOT_NUM"	NUMBER		NOT NULL,
	"SPOT_NAME"	VARCHAR2(30)	NOT NULL,
	"SPOT_COORD_X"	VARCHAR2(30)	NOT NULL,
	"SPOT_COORD_Y"	VARCHAR2(30)	NOT NULL,
	"SPOT_ADDRESS"	VARCHAR2(50)	NULL,
	"SPOT_DESCRIPT"	VARCHAR2(300)	NULL
);

COMMENT ON COLUMN "TOURSPOT"."SPOT_NUM" IS '관광지번호';

COMMENT ON COLUMN "TOURSPOT"."SPOT_NAME" IS '관광지이름';

COMMENT ON COLUMN "TOURSPOT"."SPOT_COORD_X" IS 'x좌표';

COMMENT ON COLUMN "TOURSPOT"."SPOT_COORD_Y" IS 'y좌표';

COMMENT ON COLUMN "TOURSPOT"."SPOT_ADDRESS" IS '관광지주소';

COMMENT ON COLUMN "TOURSPOT"."SPOT_DESCRIPT" IS '관광지설명';









CREATE TABLE "TOURSPOTIMG" (
	"IMG_NUM"	NUMBER		NOT NULL,
	"IMG_PATH"	VARCHAR2(300)	NOT NULL,
	"SPOT_NUM"	NUMBER		NOT NULL,
	"STATUS"	NUMBER		CHECK(STATUS IN(0,1))
);

COMMENT ON COLUMN "TOURSPOTIMG"."IMG_NUM" IS '이미지번호';

COMMENT ON COLUMN "TOURSPOTIMG"."IMG_PATH" IS '이미지경로';

COMMENT ON COLUMN "TOURSPOTIMG"."SPOT_NUM" IS '관광지번호';

COMMENT ON COLUMN "TOURSPOTIMG"."STATUS" IS '0 = 대표사진 / 1';









CREATE TABLE "REPLY" (
	"REPLY_NUM"	NUMBER		NOT NULL,
	"REVIEW_NUM"	NUMBER		NOT NULL,
	"MEM_NUM"	NUMBER		NOT NULL,
	"REPLY_CONTENT"	VARCHAR2(300)	NOT NULL,
	"REPLY_DATE"	DATE		DEFAULT SYSDATE NOT NULL
);

COMMENT ON COLUMN "REPLY"."REPLY_NUM" IS '댓글번호';

COMMENT ON COLUMN "REPLY"."REVIEW_NUM" IS '후기번호';

COMMENT ON COLUMN "REPLY"."MEM_NUM" IS '회원번호';

COMMENT ON COLUMN "REPLY"."REPLY_CONTENT" IS '댓글내용';

COMMENT ON COLUMN "REPLY"."REPLY_DATE" IS '작성날짜';









CREATE TABLE "WISHLIST" (
	"MEM_NUM"	NUMBER		NOT NULL,
	"ACM_NUM"	NUMBER		NOT NULL,
	"WISH_DATE"	DATE		DEFAULT SYSDATE NOT NULL
);

COMMENT ON COLUMN "WISHLIST"."MEM_NUM" IS '회원번호';

COMMENT ON COLUMN "WISHLIST"."ACM_NUM" IS '숙소번호';

COMMENT ON COLUMN "WISHLIST"."WISH_DATE" IS '찜한날짜';









CREATE TABLE "QNA" (
	"QNA_NUM"	NUMBER		NOT NULL,
	"MEM_NUM"	NUMBER		NOT NULL,
	"QNA_TITLE"	VARCHAR2(30)	NOT NULL,
	"QNA_CONTENT"	VARCHAR2(300)	NOT NULL,
	"QNA_DATE"	DATE		DEFAULT SYSDATE NOT NULL,
	"QNA_STATUS"	VARCHAR2(1)	DEFAULT 'N' CHECK(QNA_STATUS IN('Y','N'))
);

COMMENT ON COLUMN "QNA"."QNA_NUM" IS '문의번호';

COMMENT ON COLUMN "QNA"."MEM_NUM" IS '회원번호';

COMMENT ON COLUMN "QNA"."QNA_TITLE" IS '문의제목';

COMMENT ON COLUMN "QNA"."QNA_CONTENT" IS '문의내용';

COMMENT ON COLUMN "QNA"."QNA_DATE" IS '문의한날짜';

COMMENT ON COLUMN "QNA"."QNA_STATUS" IS '답변상태';









CREATE TABLE "ANSWER" (
	"ANS_NUM"	NUMBER		NOT NULL,
	"QNA_NUM"	NUMBER		NOT NULL,
	"ANS_CONTENT"	VARCHAR2(300)	NOT NULL,
	"ANS_DATE"	DATE		DEFAULT SYSDATE NOT NULL
);

COMMENT ON COLUMN "ANSWER"."ANS_NUM" IS '답변번호';

COMMENT ON COLUMN "ANSWER"."QNA_NUM" IS '문의번호';

COMMENT ON COLUMN "ANSWER"."ANS_CONTENT" IS '답변내용';

COMMENT ON COLUMN "ANSWER"."ANS_DATE" IS '작성날짜';









CREATE TABLE "POWER" (
	"POWER_NUM"	NUMBER		NOT NULL,
	"ACM_NUM"	NUMBER		NOT NULL,
	"PAY_NUM"	NUMBER		NOT NULL,
	"START_DATE"	DATE		NULL,
	"END_DATE"	DATE		NULL,
	"POWER_STATUS"	VARCHAR2(1)	DEFAULT 'Y' CHECK(POWER_STATUS IN('Y','N'))
);

COMMENT ON COLUMN "POWER"."POWER_NUM" IS '파워등록번호';

COMMENT ON COLUMN "POWER"."ACM_NUM" IS '숙소번호';

COMMENT ON COLUMN "POWER"."PAY_NUM" IS '결제번호';

COMMENT ON COLUMN "POWER"."START_DATE" IS '시작일';

COMMENT ON COLUMN "POWER"."END_DATE" IS '종료일';

COMMENT ON COLUMN "POWER"."POWER_STATUS" IS '파워등록상태(y/n)';







CREATE TABLE "NOTICE" (
	"NOTICE_NUM"		NUMBER		NOT NULL,
	"NOTICE_TITLE"		VARCHAR2(200)	NOT NULL,
	"NOTICE_CONTENT"	VARCHAR2(1000)	NOT NULL,
	"WRITE_DATE"		DATE		NOT NULL,
	"MODIFY_DATE"		DATE		NULL,
	"STATUS"		VARCHAR2(1)	NOT NULL
);

COMMENT ON COLUMN "NOTICE"."NOTICE_NUM" IS '공지번호';

COMMENT ON COLUMN "NOTICE"."NOTICE_TITLE" IS '공지제목';

COMMENT ON COLUMN "NOTICE"."NOTICE_CONTENT" IS '공지내용';

COMMENT ON COLUMN "NOTICE"."WRITE_DATE" IS '작성날짜';

COMMENT ON COLUMN "NOTICE"."MODIFY_DATE" IS '수정날짜';

COMMENT ON COLUMN "NOTICE"."STATUS" IS '상태(y/n)';









-- PK

ALTER TABLE "NATION" ADD CONSTRAINT "PK_NATION" PRIMARY KEY ("NATION_CODE");

ALTER TABLE "MEMBER" ADD CONSTRAINT "PK_MEMBER" PRIMARY KEY ("MEM_NUM");

ALTER TABLE "ACCOMMODATION" ADD CONSTRAINT "PK_ACCOMMODATION" PRIMARY KEY ("ACM_NUM");

ALTER TABLE "ACMIMG" ADD CONSTRAINT "PK_ACMIMG" PRIMARY KEY ("IMG_NUM");

ALTER TABLE "ROOM" ADD CONSTRAINT "PK_ROOM" PRIMARY KEY ("ROOM_NUM");

ALTER TABLE "ROOMIMG" ADD CONSTRAINT "PK_ROOMIMG" PRIMARY KEY ("IMG_NUM");

ALTER TABLE "REVIEW" ADD CONSTRAINT "PK_REVIEW" PRIMARY KEY ("REVIEW_NUM");

ALTER TABLE "RESERVATION" ADD CONSTRAINT "PK_RESERVATION" PRIMARY KEY ("RESERV_NUM");

ALTER TABLE "PAYMENT" ADD CONSTRAINT "PK_PAYMENT" PRIMARY KEY ("PAY_NUM");

ALTER TABLE "TOURSPOT" ADD CONSTRAINT "PK_TOURSPOT" PRIMARY KEY ("SPOT_NUM");

ALTER TABLE "TOURSPOTIMG" ADD CONSTRAINT "PK_TOURSPOTIMG" PRIMARY KEY ("IMG_NUM");

ALTER TABLE "REPLY" ADD CONSTRAINT "PK_REPLY" PRIMARY KEY ("REPLY_NUM");

ALTER TABLE "WISHLIST" ADD CONSTRAINT "PK_WISHLIST" PRIMARY KEY ("MEM_NUM",	"ACM_NUM");

ALTER TABLE "QNA" ADD CONSTRAINT "PK_QNA" PRIMARY KEY ("QNA_NUM");

ALTER TABLE "ANSWER" ADD CONSTRAINT "PK_ANSWER" PRIMARY KEY ("ANS_NUM");

ALTER TABLE "POWER" ADD CONSTRAINT "PK_POWER" PRIMARY KEY ("POWER_NUM");

ALTER TABLE "NOTICE" ADD CONSTRAINT "PK_NOTICE" PRIMARY KEY ("NOTICE_NUM");



-- FK

ALTER TABLE "MEMBER" ADD CONSTRAINT "FK_NATION_TO_MEMBER_1" FOREIGN KEY ("NATION_CODE")
REFERENCES "NATION" ("NATION_CODE");

ALTER TABLE "ACCOMMODATION" ADD CONSTRAINT "FK_MEMBER_TO_ACCOMMODATION_1" FOREIGN KEY ("MEM_NUM")
REFERENCES "MEMBER" ("MEM_NUM");

ALTER TABLE "ACMIMG" ADD CONSTRAINT "FK_ACCOMMODATION_TO_ACMIMG_1" FOREIGN KEY ("ACM_NUM")
REFERENCES "ACCOMMODATION" ("ACM_NUM");

ALTER TABLE "ROOM" ADD CONSTRAINT "FK_ACCOMMODATION_TO_ROOM_1" FOREIGN KEY ("ACM_NUM")
REFERENCES "ACCOMMODATION" ("ACM_NUM");

ALTER TABLE "ROOMIMG" ADD CONSTRAINT "FK_ROOM_TO_ROOMIMG_1" FOREIGN KEY ("ROOM_NUM")
REFERENCES "ROOM" ("ROOM_NUM");

ALTER TABLE "REVIEW" ADD CONSTRAINT "FK_MEMBER_TO_REVIEW_1" FOREIGN KEY ("MEM_NUM")
REFERENCES "MEMBER" ("MEM_NUM");

ALTER TABLE "REVIEW" ADD CONSTRAINT "FK_ACCOMMODATION_TO_REVIEW_1" FOREIGN KEY ("ACM_NUM")
REFERENCES "ACCOMMODATION" ("ACM_NUM");

ALTER TABLE "RESERVATION" ADD CONSTRAINT "FK_MEMBER_TO_RESERVATION_1" FOREIGN KEY ("MEM_NUM")
REFERENCES "MEMBER" ("MEM_NUM");

ALTER TABLE "RESERVATION" ADD CONSTRAINT "FK_ROOM_TO_RESERVATION_1" FOREIGN KEY ("ROOM_NUM")
REFERENCES "ROOM" ("ROOM_NUM");

ALTER TABLE "PAYMENT" ADD CONSTRAINT "FK_RESERVATION_TO_PAYMENT_1" FOREIGN KEY ("RESERV_NUM")
REFERENCES "RESERVATION" ("RESERV_NUM");

ALTER TABLE "TOURSPOTIMG" ADD CONSTRAINT "FK_TOURSPOT_TO_TOURSPOTIMG_1" FOREIGN KEY ("SPOT_NUM")
REFERENCES "TOURSPOT" ("SPOT_NUM");

ALTER TABLE "REPLY" ADD CONSTRAINT "FK_REVIEW_TO_REPLY_1" FOREIGN KEY ("REVIEW_NUM")
REFERENCES "REVIEW" ("REVIEW_NUM");

ALTER TABLE "REPLY" ADD CONSTRAINT "FK_MEMBER_TO_REPLY_1" FOREIGN KEY ("MEM_NUM")
REFERENCES "MEMBER" ("MEM_NUM");

ALTER TABLE "WISHLIST" ADD CONSTRAINT "FK_MEMBER_TO_WISHLIST_1" FOREIGN KEY ("MEM_NUM")
REFERENCES "MEMBER" ("MEM_NUM");

ALTER TABLE "WISHLIST" ADD CONSTRAINT "FK_ACCOMMODATION_TO_WISHLIST_1" FOREIGN KEY ("ACM_NUM")
REFERENCES "ACCOMMODATION" ("ACM_NUM");

ALTER TABLE "QNA" ADD CONSTRAINT "FK_MEMBER_TO_QNA_1" FOREIGN KEY ("MEM_NUM")
REFERENCES "MEMBER" ("MEM_NUM");

ALTER TABLE "ANSWER" ADD CONSTRAINT "FK_QNA_TO_ANSWER_1" FOREIGN KEY ("QNA_NUM")
REFERENCES "QNA" ("QNA_NUM");

ALTER TABLE "POWER" ADD CONSTRAINT "FK_ACCOMMODATION_TO_POWER_1" FOREIGN KEY ("ACM_NUM")
REFERENCES "ACCOMMODATION" ("ACM_NUM");

ALTER TABLE "POWER" ADD CONSTRAINT "FK_PAYMENT_TO_POWER_1" FOREIGN KEY ("PAY_NUM")
REFERENCES "PAYMENT" ("PAY_NUM");






-- SEQ

CREATE SEQUENCE NATION_SEQ
START WITH 24;
CREATE SEQUENCE MEMBER_SEQ
START WITH 18;
CREATE SEQUENCE ACM_SEQ
START WITH 46;
CREATE SEQUENCE ACMIMG_SEQ;
CREATE SEQUENCE ROOM_SEQ
START WITH 26;
CREATE SEQUENCE ROOMIMG_SEQ;
CREATE SEQUENCE REVIEW_SEQ;
CREATE SEQUENCE RESERVATION_SEQ;
CREATE SEQUENCE PAYMENT_SEQ;
CREATE SEQUENCE TOURSPOT_SEQ;
CREATE SEQUENCE TOURSPOTIMG_SEQ;
CREATE SEQUENCE REPLY_SEQ;
CREATE SEQUENCE WISHLIST_SEQ;
CREATE SEQUENCE QNA_SEQ;
CREATE SEQUENCE ANSWER_SEQ;
CREATE SEQUENCE POWER_SEQ;
CREATE SEQUENCE NOTICE_SEQ;




-- TRG





-- TEST DATA

-- INSERT INTO MEMBER VALUES(1,'TEST@NAVER.COM','1234','테스트','M','01012345678',1,NULL,'U','Y',SYSDATE,NULL,DEFAULT);

-- INSERT INTO NATION VALUES(1,'KOR','PATH');



-- DATA


-- NATION --------------------------------------------------------------------------

INSERT INTO NATION (NATION_CODE, NATION_NAME, IMG_PATH) 
VALUES (1.0, 'KOR', 'resources/images/nation/kr.png');

INSERT INTO NATION (NATION_CODE, NATION_NAME, IMG_PATH) 
VALUES (2.0, 'MEX', 'resources/images/nation/mx.png');

INSERT INTO NATION (NATION_CODE, NATION_NAME, IMG_PATH) 
VALUES (3.0, 'DNK', 'resources/images/nation/dk.png');

INSERT INTO NATION (NATION_CODE, NATION_NAME, IMG_PATH) 
VALUES (4.0, 'USA', 'resources/images/nation/us.png');

INSERT INTO NATION (NATION_CODE, NATION_NAME, IMG_PATH) 
VALUES (5.0, 'RUS', 'resources/images/nation/ru.png');

INSERT INTO NATION (NATION_CODE, NATION_NAME, IMG_PATH) 
VALUES (6.0, 'BRA', 'resources/images/nation/br.png');

INSERT INTO NATION (NATION_CODE, NATION_NAME, IMG_PATH) 
VALUES (7.0, 'CHN', 'resources/images/nation/cn.png');

INSERT INTO NATION (NATION_CODE, NATION_NAME, IMG_PATH) 
VALUES (8.0, 'JPN', 'resources/images/nation/jp.png');

INSERT INTO NATION (NATION_CODE, NATION_NAME, IMG_PATH) 
VALUES (9.0, 'GER', 'resources/images/nation/de.png');

INSERT INTO NATION (NATION_CODE, NATION_NAME, IMG_PATH) 
VALUES (10.0, 'ESP', 'resources/images/nation/es.png');

INSERT INTO NATION (NATION_CODE, NATION_NAME, IMG_PATH) 
VALUES (11.0, 'FRA', 'resources/images/nation/fr.png');

INSERT INTO NATION (NATION_CODE, NATION_NAME, IMG_PATH) 
VALUES (12.0, 'UK', 'resources/images/nation/gb.png');

INSERT INTO NATION (NATION_CODE, NATION_NAME, IMG_PATH) 
VALUES (13.0, 'BEG', 'resources/images/nation/be.png');

INSERT INTO NATION (NATION_CODE, NATION_NAME, IMG_PATH) 
VALUES (14.0, 'ARG', 'resources/images/nation/ar.png');

INSERT INTO NATION (NATION_CODE, NATION_NAME, IMG_PATH) 
VALUES (15.0, 'CAN', 'resources/images/nation/ca.png');

INSERT INTO NATION (NATION_CODE, NATION_NAME, IMG_PATH) 
VALUES (16.0, 'HNK', 'resources/images/nation/hk.png');

INSERT INTO NATION (NATION_CODE, NATION_NAME, IMG_PATH) 
VALUES (17.0, 'AUS', 'resources/images/nation/au.png');

INSERT INTO NATION (NATION_CODE, NATION_NAME, IMG_PATH) 
VALUES (18.0, 'ITA', 'resources/images/nation/it.png');

INSERT INTO NATION (NATION_CODE, NATION_NAME, IMG_PATH) 
VALUES (19.0, 'POR', 'resources/images/nation/pt.png');

INSERT INTO NATION (NATION_CODE, NATION_NAME, IMG_PATH) 
VALUES (20.0, 'VET', 'resources/images/nation/vn.png');

INSERT INTO NATION (NATION_CODE, NATION_NAME, IMG_PATH) 
VALUES (21.0, 'TIW', 'resources/images/nation/tw.png');

INSERT INTO NATION (NATION_CODE, NATION_NAME, IMG_PATH) 
VALUES (22.0, 'NED', 'resources/images/nation/nl.png');

INSERT INTO NATION (NATION_CODE, NATION_NAME, IMG_PATH) 
VALUES (23.0, 'NOR', 'resources/images/nation/no.png');

-------------------------------------------------------------------------------------

-- MEMBER ---------------------------------------------------------------------------

INSERT INTO MEMBER (MEM_NUM, MEM_ID, MEM_PWD, MEM_NAME, MEM_GENDER, MEM_PHONE, NATION_CODE, MEM_POINT, MEM_TYPE, MEM_STATUS, ENROLL_DATE, OUT_DATE, NOSHOW) 
VALUES (1.0, 'admin', 'admin', 'ADMIN', 'M', '01012340001', 1.0, 0.0, 'A', 'Y', SYSDATE, NULL, 0.0);

INSERT INTO MEMBER (MEM_NUM, MEM_ID, MEM_PWD, MEM_NAME, MEM_GENDER, MEM_PHONE, NATION_CODE, MEM_POINT, MEM_TYPE, MEM_STATUS, ENROLL_DATE, OUT_DATE, NOSHOW) 
VALUES (2.0, 'owner', 'owner', 'OWNER', 'M', '01012340002', 2.0, 0.0, 'O', 'Y', SYSDATE, NULL, 0.0);

INSERT INTO MEMBER (MEM_NUM, MEM_ID, MEM_PWD, MEM_NAME, MEM_GENDER, MEM_PHONE, NATION_CODE, MEM_POINT, MEM_TYPE, MEM_STATUS, ENROLL_DATE, OUT_DATE, NOSHOW) 
VALUES (3.0, 'user', 'user', 'USER', 'M', '01012340003', 1.0, 0.0, 'U', 'Y', SYSDATE, NULL, 0.0);

INSERT INTO MEMBER (MEM_NUM, MEM_ID, MEM_PWD, MEM_NAME, MEM_GENDER, MEM_PHONE, NATION_CODE, MEM_POINT, MEM_TYPE, MEM_STATUS, ENROLL_DATE, OUT_DATE, NOSHOW) 
VALUES (4.0, 'admin@example.com', 'admin', 'ADMIN', 'M', '01012340004', 1.0, 0.0, 'A', 'Y', SYSDATE, NULL, 0.0);

INSERT INTO MEMBER (MEM_NUM, MEM_ID, MEM_PWD, MEM_NAME, MEM_GENDER, MEM_PHONE, NATION_CODE, MEM_POINT, MEM_TYPE, MEM_STATUS, ENROLL_DATE, OUT_DATE, NOSHOW) 
VALUES (5.0, 'owner@example.com', 'owner', 'OWNER', 'M', '01012340005', 1.0, 0.0, 'O', 'Y', SYSDATE, NULL, 0.0);

INSERT INTO MEMBER (MEM_NUM, MEM_ID, MEM_PWD, MEM_NAME, MEM_GENDER, MEM_PHONE, NATION_CODE, MEM_POINT, MEM_TYPE, MEM_STATUS, ENROLL_DATE, OUT_DATE, NOSHOW) 
VALUES (6.0, 'user@example.com', 'user', 'USER', 'M', '01012340006', 1.0, 0.0, 'U', 'Y', SYSDATE, NULL, 0.0);

INSERT INTO MEMBER (MEM_NUM, MEM_ID, MEM_PWD, MEM_NAME, MEM_GENDER, MEM_PHONE, NATION_CODE, MEM_POINT, MEM_TYPE, MEM_STATUS, ENROLL_DATE, OUT_DATE, NOSHOW) 
VALUES (7.0, 'id001@naver.com', 'pw001', 'NAME01', 'F', '01012340007', 3.0, 350.0, 'O', 'Y', SYSDATE, NULL, 1.0);

INSERT INTO MEMBER (MEM_NUM, MEM_ID, MEM_PWD, MEM_NAME, MEM_GENDER, MEM_PHONE, NATION_CODE, MEM_POINT, MEM_TYPE, MEM_STATUS, ENROLL_DATE, OUT_DATE, NOSHOW) 
VALUES (8.0, 'id002@naver.com', 'pw002', 'NAME02', 'M', '01012340008', 4.0, 155.0, 'O', 'Y', SYSDATE, NULL, 0.0);

INSERT INTO MEMBER (MEM_NUM, MEM_ID, MEM_PWD, MEM_NAME, MEM_GENDER, MEM_PHONE, NATION_CODE, MEM_POINT, MEM_TYPE, MEM_STATUS, ENROLL_DATE, OUT_DATE, NOSHOW) 
VALUES (9.0, 'id003@naver.com', 'pw003', 'NAME03', 'F', '01012340009', 5.0, 195.0, 'O', 'Y', SYSDATE, NULL, 2.0);

INSERT INTO MEMBER (MEM_NUM, MEM_ID, MEM_PWD, MEM_NAME, MEM_GENDER, MEM_PHONE, NATION_CODE, MEM_POINT, MEM_TYPE, MEM_STATUS, ENROLL_DATE, OUT_DATE, NOSHOW) 
VALUES (10.0, 'id004@naver.com', 'pw004', 'NAME04', 'F', '01012340010', 6.0, 483.0, 'O', 'Y', SYSDATE, NULL, 1.0);

INSERT INTO MEMBER (MEM_NUM, MEM_ID, MEM_PWD, MEM_NAME, MEM_GENDER, MEM_PHONE, NATION_CODE, MEM_POINT, MEM_TYPE, MEM_STATUS, ENROLL_DATE, OUT_DATE, NOSHOW) 
VALUES (11.0, 'id005@naver.com', 'pw005', 'NAME05', 'M', '01012340011', 1.0, 150.0, 'O', 'Y', SYSDATE, NULL, 0.0);

INSERT INTO MEMBER (MEM_NUM, MEM_ID, MEM_PWD, MEM_NAME, MEM_GENDER, MEM_PHONE, NATION_CODE, MEM_POINT, MEM_TYPE, MEM_STATUS, ENROLL_DATE, OUT_DATE, NOSHOW) 
VALUES (12.0, 'id006@naver.com', 'pw006', 'NAME06', 'M', '01012340012', 3.0, 200.0, 'U', 'Y', SYSDATE, NULL, 1.0);

INSERT INTO MEMBER (MEM_NUM, MEM_ID, MEM_PWD, MEM_NAME, MEM_GENDER, MEM_PHONE, NATION_CODE, MEM_POINT, MEM_TYPE, MEM_STATUS, ENROLL_DATE, OUT_DATE, NOSHOW) 
VALUES (13.0, 'id007@naver.com', 'pw007', 'NAME07', 'M', '01012340013', 3.0, 424.0, 'U', 'Y', SYSDATE, NULL, 2.0);

INSERT INTO MEMBER (MEM_NUM, MEM_ID, MEM_PWD, MEM_NAME, MEM_GENDER, MEM_PHONE, NATION_CODE, MEM_POINT, MEM_TYPE, MEM_STATUS, ENROLL_DATE, OUT_DATE, NOSHOW) 
VALUES (14.0, 'id008@naver.com', 'pw008', 'NAME08', 'M', '01012340014', 4.0, 133.0, 'U', 'Y', SYSDATE, NULL, 0.0);

INSERT INTO MEMBER (MEM_NUM, MEM_ID, MEM_PWD, MEM_NAME, MEM_GENDER, MEM_PHONE, NATION_CODE, MEM_POINT, MEM_TYPE, MEM_STATUS, ENROLL_DATE, OUT_DATE, NOSHOW) 
VALUES (15.0, 'id009@naver.com', 'pw009', 'NAME09', 'F', '01012340015', 1.0, 92.0, 'U', 'Y', SYSDATE, NULL, 1.0);

INSERT INTO MEMBER (MEM_NUM, MEM_ID, MEM_PWD, MEM_NAME, MEM_GENDER, MEM_PHONE, NATION_CODE, MEM_POINT, MEM_TYPE, MEM_STATUS, ENROLL_DATE, OUT_DATE, NOSHOW) 
VALUES (16.0, 'id010@naver.com', 'pw010', 'NAME10', 'F', '01012340016', 2.0, 0.0, 'U', 'Y', SYSDATE, NULL, 0.0);

INSERT INTO MEMBER (MEM_NUM, MEM_ID, MEM_PWD, MEM_NAME, MEM_GENDER, MEM_PHONE, NATION_CODE, MEM_POINT, MEM_TYPE, MEM_STATUS, ENROLL_DATE, OUT_DATE, NOSHOW) 
VALUES (17.0, 'jtbc@jtbc.com', 'jtbc', 'JTBC', 'M', '27516000', 1.0, 0.0, 'O', 'Y', SYSDATE, NULL, 0.0);

-------------------------------------------------------------------------------------------------

-- ACCOMMODATION-------------------------------------------------------------------------------


INSERT INTO ACCOMMODATION (ACM_NUM, ACM_NAME, MEM_NUM, ACM_PHONE, ACM_ADDRESS, ACM_TYPE, ACM_GRADE, ACM_DESCRIPT_A, ACM_DESCRIPT_B, ACM_COORD_X, ACM_COORD_Y, ACM_DISTRICT, ACM_POWER, ACM_STATUS) 
VALUES (1.0, '제주 신라호텔', 2.0, '0647355114', '제주특별자치도 서귀포시 중문관광로72번길 75', 'H', 5.0, '카지노+실내 수영장 및 2개의 야외 수영장+프리미엄 뷔페 조식+무료 공항 셔틀+헬스클럽+스파 서비스+컨퍼런스 룸+키즈 클럽+무료WiFi+무료 주차', '24시간 리셉션+룸 서비스+외국어 구사 직원+세탁 서비스,환전+유아용 식탁 의자', '33.247636', '126.407962', '서귀포', 'N', 'Y');

INSERT INTO ACCOMMODATION (ACM_NUM, ACM_NAME, MEM_NUM, ACM_PHONE, ACM_ADDRESS, ACM_TYPE, ACM_GRADE, ACM_DESCRIPT_A, ACM_DESCRIPT_B, ACM_COORD_X, ACM_COORD_Y, ACM_DISTRICT, ACM_POWER, ACM_STATUS) 
VALUES (2.0, '베스트웨스턴 제주호텔', 6.0, '0647976000', '제주특별자치도 제주시 도령로 27', 'H', 4.0, '컨퍼런스 센터+아침 식사 가능+콘시어지 서비스+다국어 구사 가능 직원+무료 신문+매일 하우스키핑+무료 WiFi+무료 주차', '냉장고+무료 세면용품+무료 커피 제공+세탁 서비스', '33.487903', '126.481906', '제주', 'N', 'Y');

INSERT INTO ACCOMMODATION (ACM_NUM, ACM_NAME, MEM_NUM, ACM_PHONE, ACM_ADDRESS, ACM_TYPE, ACM_GRADE, ACM_DESCRIPT_A, ACM_DESCRIPT_B, ACM_COORD_X, ACM_COORD_Y, ACM_DISTRICT, ACM_POWER, ACM_STATUS) 
VALUES (3.0, '히든 클리프 호텔네이쳐', 5.0, '0647527777', '제주특별자치도 서귀포시 예래해안로 542', 'H', 5.0, '야외 수영장 및 유수풀+3개 레스토랑+무료 키즈 클럽+아침 식사 가능+헬스 클럽+비즈니스 센터+정원+무료 WiFi+무료 주차', '24시간 리셉션+룸 서비스+시설 내 놀이터+전용 욕실+프리미엄 TV 채널+매일 하우스 키핑', '33.25515', '126.402353', '서귀포', 'N', 'Y');

INSERT INTO ACCOMMODATION (ACM_NUM, ACM_NAME, MEM_NUM, ACM_PHONE, ACM_ADDRESS, ACM_TYPE, ACM_GRADE, ACM_DESCRIPT_A, ACM_DESCRIPT_B, ACM_COORD_X, ACM_COORD_Y, ACM_DISTRICT, ACM_POWER, ACM_STATUS) 
VALUES (4.0, '호텔 리젠트 마린', 7.0, '027775080', '제주특별자치도 제주시 서부두 2길 20', 'H', 4.0, '레스토랑+야외 수영장+아침 식사 가능+24시간 운영 프런트 데스크+매일 하우스키핑+편의점+다국어 구사 가능 직원+무료 WiFi+무료 주차', '어린이 수영장+냉장고+전용 욕실+무료 세면용품', '33.517717', '126.526809', '제주', 'N', 'Y');

INSERT INTO ACCOMMODATION (ACM_NUM, ACM_NAME, MEM_NUM, ACM_PHONE, ACM_ADDRESS, ACM_TYPE, ACM_GRADE, ACM_DESCRIPT_A, ACM_DESCRIPT_B, ACM_COORD_X, ACM_COORD_Y, ACM_DISTRICT, ACM_POWER, ACM_STATUS) 
VALUES (5.0, '엠스테이 호텔 제주', 8.0, '0648006000', '제주특별자치도 서귀포시 서귀동 829-5', 'H', 4.0, '레스토랑+야외 수영장+아침 식사 가능+피트니스 센터+매일 하우스키핑+편의점+정원+ATM/은행 서비스+회의실+무료 WiFi+무료 주차', '냉장고+전용 욕실+정원+케이블 TV 서비스', '33.247083', '126.56089', '서귀포', 'N', 'Y');

INSERT INTO ACCOMMODATION (ACM_NUM, ACM_NAME, MEM_NUM, ACM_PHONE, ACM_ADDRESS, ACM_TYPE, ACM_GRADE, ACM_DESCRIPT_A, ACM_DESCRIPT_B, ACM_COORD_X, ACM_COORD_Y, ACM_DISTRICT, ACM_POWER, ACM_STATUS) 
VALUES (6.0, '골든튤립 제주성산호텔', 9.0, '0647447500', '제주특별자치도 서귀포시 성산읍 고성리 329-1', 'H', 4.0, '레스토랑+수영장 바+야외 수영장+아침 식사 가능+24시간 운영 프런트 데스크+매일 하우스키핑+무료 WiFi+무료 주차', '냉장고+전용 욕실+무료 세면용품+매일 하우스키핑+욕조+샤워 부스', '33.448163', '126.916212', '서귀포', 'N', 'Y');

INSERT INTO ACCOMMODATION (ACM_NUM, ACM_NAME, MEM_NUM, ACM_PHONE, ACM_ADDRESS, ACM_TYPE, ACM_GRADE, ACM_DESCRIPT_A, ACM_DESCRIPT_B, ACM_COORD_X, ACM_COORD_Y, ACM_DISTRICT, ACM_POWER, ACM_STATUS) 
VALUES (7.0, '메종 글래드 제주', 10.0, '0647475000', '제주특별자치도 제주시 연동 263-15', 'H', 5.0, '카지노+2개 레스토랑+아침 식사 가능+무료 공항 셔틀+시즌별로 운영되는 야외 수영장+피트니스 센터+스파 서비스+키즈 클럽+24시간 운영 프런트 데스크+무료 WiFi+무료 주차', '어린이 수영장+키즈 클럽(요금 별도)+냉장고+무료 세면용품+정원+테라스', '33.484874', '126.488673', '제주', 'N', 'Y');

INSERT INTO ACCOMMODATION (ACM_NUM, ACM_NAME, MEM_NUM, ACM_PHONE, ACM_ADDRESS, ACM_TYPE, ACM_GRADE, ACM_DESCRIPT_A, ACM_DESCRIPT_B, ACM_COORD_X, ACM_COORD_Y, ACM_DISTRICT, ACM_POWER, ACM_STATUS) 
VALUES (8.0, '호텔난타', 11.0, '0647271800', '제주특별자치도 제주시 선돌목동길 56-26', 'H', 4.0, '24시간 운영 프런트 데스크+아침 식사 가능+피트니스 센터+컨퍼런스 센터+매일 하우스키핑+편의점+다국어 구사 가능 직원+무료 WiFi+무료 주차', '냉장고+전용 욕실+무료 세면용품+매일 하우스키핑+암막커튼', '33.445729', '126.547792', '제주', 'N', 'Y');

INSERT INTO ACCOMMODATION (ACM_NUM, ACM_NAME, MEM_NUM, ACM_PHONE, ACM_ADDRESS, ACM_TYPE, ACM_GRADE, ACM_DESCRIPT_A, ACM_DESCRIPT_B, ACM_COORD_X, ACM_COORD_Y, ACM_DISTRICT, ACM_POWER, ACM_STATUS) 
VALUES (45.0, '효리네 민박', 17.0, '0647891234', '제주특별자치도 제주시 애월읍 소길남길 34-37', 'M', 1.0, '무료 WiFi+무료 주차+무료 커피', '노천 히노끼탕+가정식 공동주방+각종 고양이 강아지', '33.429763', '126.375445', '제주', 'N', 'Y');

--------------------------------------------------------------------------------------

-- ACM IMG---------------------------------------------------


INSERT INTO ACMIMG (IMG_NUM, IMG_PATH, ACM_NUM, STATUS) 
VALUES (ACMIMG_SEQ.NEXTVAL, 'https://edge.media.datahc.com/HI574124994.jpg', 1.0, 0.0);

INSERT INTO ACMIMG (IMG_NUM, IMG_PATH, ACM_NUM, STATUS) 
VALUES (ACMIMG_SEQ.NEXTVAL, 'https://edge.media.datahc.com/HI569101877.jpg', 1.0, 1.0);

INSERT INTO ACMIMG (IMG_NUM, IMG_PATH, ACM_NUM, STATUS) 
VALUES (ACMIMG_SEQ.NEXTVAL, 'https://edge.media.datahc.com/HI551100477.jpg', 1.0, 1.0);

INSERT INTO ACMIMG (IMG_NUM, IMG_PATH, ACM_NUM, STATUS) 
VALUES (ACMIMG_SEQ.NEXTVAL, 'https://edge.media.datahc.com/HI564948421.jpg', 1.0, 1.0);

INSERT INTO ACMIMG (IMG_NUM, IMG_PATH, ACM_NUM, STATUS) 
VALUES (ACMIMG_SEQ.NEXTVAL, 'https://edge.media.datahc.com/HI569101878.jpg', 1.0, 1.0);

INSERT INTO ACMIMG (IMG_NUM, IMG_PATH, ACM_NUM, STATUS) 
VALUES (ACMIMG_SEQ.NEXTVAL, 'https://edge.media.datahc.com/HI402149146.jpg', 2.0, 0.0);

INSERT INTO ACMIMG (IMG_NUM, IMG_PATH, ACM_NUM, STATUS) 
VALUES (ACMIMG_SEQ.NEXTVAL, 'https://edge.media.datahc.com/HI402148413.jpg', 2.0, 1.0);

INSERT INTO ACMIMG (IMG_NUM, IMG_PATH, ACM_NUM, STATUS) 
VALUES (ACMIMG_SEQ.NEXTVAL, 'https://edge.media.datahc.com/HI402148411.jpg', 2.0, 1.0);

INSERT INTO ACMIMG (IMG_NUM, IMG_PATH, ACM_NUM, STATUS) 
VALUES (ACMIMG_SEQ.NEXTVAL, 'https://thumbnails.trvl-media.com/0O97GTKdh-0PmvCFEuFb2A_foIc=/773x530/smart/filters:quality(60)/exp.cdn-hotels.com/hotels/4000000/3300000/3297200/3297104/a57d03c5_z.jpg', 2.0, 1.0);

INSERT INTO ACMIMG (IMG_NUM, IMG_PATH, ACM_NUM, STATUS) 
VALUES (ACMIMG_SEQ.NEXTVAL, 'https://thumbnails.trvl-media.com/ebRSCezpO_H5eYSJ-4IPBu_CSMk=/773x530/smart/filters:quality(60)/exp.cdn-hotels.com/hotels/4000000/3300000/3297200/3297104/37d6ac6c_z.jpg', 2.0, 1.0);

INSERT INTO ACMIMG (IMG_NUM, IMG_PATH, ACM_NUM, STATUS) 
VALUES (ACMIMG_SEQ.NEXTVAL, 'https://edge.media.datahc.com/HI379886678.jpg', 3.0, 0.0);

INSERT INTO ACMIMG (IMG_NUM, IMG_PATH, ACM_NUM, STATUS) 
VALUES (ACMIMG_SEQ.NEXTVAL, 'https://edge.media.datahc.com/HI403463883.jpg', 3.0, 1.0);

INSERT INTO ACMIMG (IMG_NUM, IMG_PATH, ACM_NUM, STATUS) 
VALUES (ACMIMG_SEQ.NEXTVAL, 'https://edge.media.datahc.com/HI403463889.jpg', 3.0, 1.0);

INSERT INTO ACMIMG (IMG_NUM, IMG_PATH, ACM_NUM, STATUS) 
VALUES (ACMIMG_SEQ.NEXTVAL, 'https://edge.media.datahc.com/HI577468048.jpg', 3.0, 1.0);

INSERT INTO ACMIMG (IMG_NUM, IMG_PATH, ACM_NUM, STATUS) 
VALUES (ACMIMG_SEQ.NEXTVAL, 'https://edge.media.datahc.com/HI403463899.jpg', 3.0, 1.0);

INSERT INTO ACMIMG (IMG_NUM, IMG_PATH, ACM_NUM, STATUS) 
VALUES (ACMIMG_SEQ.NEXTVAL, 'https://edge.media.datahc.com/HI557269113.jpg', 4.0, 0.0);

INSERT INTO ACMIMG (IMG_NUM, IMG_PATH, ACM_NUM, STATUS) 
VALUES (ACMIMG_SEQ.NEXTVAL, 'https://edge.media.datahc.com/HI379814969.jpg', 4.0, 1.0);

INSERT INTO ACMIMG (IMG_NUM, IMG_PATH, ACM_NUM, STATUS) 
VALUES (ACMIMG_SEQ.NEXTVAL, 'https://edge.media.datahc.com/HI557269118.jpg', 4.0, 1.0);

INSERT INTO ACMIMG (IMG_NUM, IMG_PATH, ACM_NUM, STATUS) 
VALUES (ACMIMG_SEQ.NEXTVAL, 'https://edge.media.datahc.com/HI557269122.jpg', 4.0, 1.0);

INSERT INTO ACMIMG (IMG_NUM, IMG_PATH, ACM_NUM, STATUS) 
VALUES (ACMIMG_SEQ.NEXTVAL, 'https://edge.media.datahc.com/HI557269124.jpg', 4.0, 1.0);

INSERT INTO ACMIMG (IMG_NUM, IMG_PATH, ACM_NUM, STATUS) 
VALUES (ACMIMG_SEQ.NEXTVAL, 'https://edge.media.datahc.com/HI368553987.jpg', 5.0, 0.0);

INSERT INTO ACMIMG (IMG_NUM, IMG_PATH, ACM_NUM, STATUS) 
VALUES (ACMIMG_SEQ.NEXTVAL, 'https://edge.media.datahc.com/HI567084604.jpg', 5.0, 1.0);

INSERT INTO ACMIMG (IMG_NUM, IMG_PATH, ACM_NUM, STATUS) 
VALUES (ACMIMG_SEQ.NEXTVAL, 'https://edge.media.datahc.com/HI529394313.jpg', 5.0, 1.0);

INSERT INTO ACMIMG (IMG_NUM, IMG_PATH, ACM_NUM, STATUS) 
VALUES (ACMIMG_SEQ.NEXTVAL, 'https://edge.media.datahc.com/HI368553989.jpg', 5.0, 1.0);

INSERT INTO ACMIMG (IMG_NUM, IMG_PATH, ACM_NUM, STATUS) 
VALUES (ACMIMG_SEQ.NEXTVAL, 'https://edge.media.datahc.com/HI379305234.jpg', 5.0, 1.0);

INSERT INTO ACMIMG (IMG_NUM, IMG_PATH, ACM_NUM, STATUS) 
VALUES (ACMIMG_SEQ.NEXTVAL, 'https://thumbnails.trvl-media.com/bIIKU9Z3xItZfrP1YB2EWzEDuj8=/773x530/smart/filters:quality(60)/exp.cdn-hotels.com/hotels/20000000/19270000/19264700/19264649/04e4b547_z.jpg', 6.0, 0.0);

INSERT INTO ACMIMG (IMG_NUM, IMG_PATH, ACM_NUM, STATUS) 
VALUES (ACMIMG_SEQ.NEXTVAL, 'https://thumbnails.trvl-media.com/m1iC13-cIw8-x50Me8_5VNWiRH4=/773x530/smart/filters:quality(60)/exp.cdn-hotels.com/hotels/20000000/19270000/19264700/19264649/b44fa2d7_z.jpg', 6.0, 1.0);

INSERT INTO ACMIMG (IMG_NUM, IMG_PATH, ACM_NUM, STATUS) 
VALUES (ACMIMG_SEQ.NEXTVAL, 'https://thumbnails.trvl-media.com/RVz2BFzk2qMn1LD_dlQUAO8h4M8=/773x530/smart/filters:quality(60)/exp.cdn-hotels.com/hotels/20000000/19270000/19264700/19264649/ddf2b336_z.jpg', 6.0, 1.0);

INSERT INTO ACMIMG (IMG_NUM, IMG_PATH, ACM_NUM, STATUS) 
VALUES (ACMIMG_SEQ.NEXTVAL, 'https://thumbnails.trvl-media.com/FpmzbBXJIMCzbOUBzzQ4LVJwE9A=/773x530/smart/filters:quality(60)/exp.cdn-hotels.com/hotels/20000000/19270000/19264700/19264649/d710fe3e_z.jpg', 6.0, 1.0);

INSERT INTO ACMIMG (IMG_NUM, IMG_PATH, ACM_NUM, STATUS) 
VALUES (ACMIMG_SEQ.NEXTVAL, 'https://thumbnails.trvl-media.com/PjUBKoUPRWRdpHl8wDSEXXEU1h0=/773x530/smart/filters:quality(60)/exp.cdn-hotels.com/hotels/20000000/19270000/19264700/19264649/feffc9fb_z.jpg', 6.0, 1.0);

INSERT INTO ACMIMG (IMG_NUM, IMG_PATH, ACM_NUM, STATUS) 
VALUES (ACMIMG_SEQ.NEXTVAL, 'https://thumbnails.trvl-media.com/n0McpDJZP_OAficSUDKMsseyuBM=/773x530/smart/filters:quality(60)/exp.cdn-hotels.com/hotels/3000000/2860000/2856500/2856414/c5838605_z.jpg', 7.0, 0.0);

INSERT INTO ACMIMG (IMG_NUM, IMG_PATH, ACM_NUM, STATUS) 
VALUES (ACMIMG_SEQ.NEXTVAL, 'https://thumbnails.trvl-media.com/o0eC1B0gZ8VI4lfqsXjunI5CaaI=/773x530/smart/filters:quality(60)/exp.cdn-hotels.com/hotels/3000000/2860000/2856500/2856414/762aaa81_z.jpg', 7.0, 1.0);

INSERT INTO ACMIMG (IMG_NUM, IMG_PATH, ACM_NUM, STATUS) 
VALUES (ACMIMG_SEQ.NEXTVAL, 'https://thumbnails.trvl-media.com/ombHKsE4gfTUVGzf0rg1jK70sRo=/773x530/smart/filters:quality(60)/exp.cdn-hotels.com/hotels/3000000/2860000/2856500/2856414/161e6473_z.jpg', 7.0, 1.0);

INSERT INTO ACMIMG (IMG_NUM, IMG_PATH, ACM_NUM, STATUS) 
VALUES (ACMIMG_SEQ.NEXTVAL, 'https://thumbnails.trvl-media.com/QnQstH_4Xc3whQVgJnFKaEN-ohc=/773x530/smart/filters:quality(60)/exp.cdn-hotels.com/hotels/3000000/2860000/2856500/2856414/d330886f_z.jpg', 7.0, 1.0);

INSERT INTO ACMIMG (IMG_NUM, IMG_PATH, ACM_NUM, STATUS) 
VALUES (ACMIMG_SEQ.NEXTVAL, 'https://thumbnails.trvl-media.com/h8H35VPu3pU5UlMsF9dtJwaN98Y=/773x530/smart/filters:quality(60)/exp.cdn-hotels.com/hotels/3000000/2860000/2856500/2856414/51573ff6_z.jpg', 7.0, 1.0);

INSERT INTO ACMIMG (IMG_NUM, IMG_PATH, ACM_NUM, STATUS) 
VALUES (ACMIMG_SEQ.NEXTVAL, 'https://edge.media.datahc.com/HI573041362.jpg', 8.0, 0.0);

INSERT INTO ACMIMG (IMG_NUM, IMG_PATH, ACM_NUM, STATUS) 
VALUES (ACMIMG_SEQ.NEXTVAL, 'https://edge.media.datahc.com/HI573041365.jpg', 8.0, 1.0);

INSERT INTO ACMIMG (IMG_NUM, IMG_PATH, ACM_NUM, STATUS) 
VALUES (ACMIMG_SEQ.NEXTVAL, 'https://edge.media.datahc.com/HI367874542.jpg', 8.0, 1.0);

INSERT INTO ACMIMG (IMG_NUM, IMG_PATH, ACM_NUM, STATUS) 
VALUES (ACMIMG_SEQ.NEXTVAL, 'https://edge.media.datahc.com/HI367874539.jpg', 8.0, 1.0);

INSERT INTO ACMIMG (IMG_NUM, IMG_PATH, ACM_NUM, STATUS) 
VALUES (ACMIMG_SEQ.NEXTVAL, 'https://img.insight.co.kr/static/2017/08/18/700/8s9rf750lke520ywpe3h.jpg', 45.0, 0.0);

INSERT INTO ACMIMG (IMG_NUM, IMG_PATH, ACM_NUM, STATUS) 
VALUES (ACMIMG_SEQ.NEXTVAL, 'https://mblogthumb-phinf.pstatic.net/MjAxODAyMTFfMjQ3/MDAxNTE4MzI1OTEwMjM1.SRpFz0M3xyYbWtvO1HDGkT_nBqSWNkYPeciqKGg5PHEg.v1n5XhMxlHrN_EmQ1lX0pvE1eReTDXhTtG5W4F2VL1sg.JPEG.phjphk12/%ED%9A%A8%EB%A6%AC%EB%84%A4%EB%AF%BC%EB%B0%952_%EB%85%B8%EC%B2%9C%ED%83%954.jpg?type=w800', 45.0, 1.0);

INSERT INTO ACMIMG (IMG_NUM, IMG_PATH, ACM_NUM, STATUS) 
VALUES (ACMIMG_SEQ.NEXTVAL, 'http://www.cbiz.kr/news/photo/201808/14483_17454_5339.jpg', 45.0, 1.0);

--------------------------------------------------------------------------------------

-- ROOM ---------------------------------------------------------------------


INSERT INTO ROOM (ROOM_NUM, ACM_NUM, ROOM_NAME, ROOM_PRICE, ROOM_PAX, ROOM_DESCRIPT_A, ROOM_DESCRIPT_B, ROOM_SMOKE) 
VALUES (1.0, 1.0, '스탠다드 더블룸', 520000.0, 4.0, '무료WiFi+무료 조식+무료 주차', '위성TV서비스+고급침구+고급세면용품+냉장고+미니바+스파 욕조', 'N');

INSERT INTO ROOM (ROOM_NUM, ACM_NUM, ROOM_NAME, ROOM_PRICE, ROOM_PAX, ROOM_DESCRIPT_A, ROOM_DESCRIPT_B, ROOM_SMOKE) 
VALUES (2.0, 1.0, '디럭스 트윈룸', 650000.0, 4.0, '무료WiFi+무료 조식+무료 주차', '위성TV서비스+고급침구+고급세면용품+냉장고+미니바+스파 욕조', 'N');

INSERT INTO ROOM (ROOM_NUM, ACM_NUM, ROOM_NAME, ROOM_PRICE, ROOM_PAX, ROOM_DESCRIPT_A, ROOM_DESCRIPT_B, ROOM_SMOKE) 
VALUES (3.0, 1.0, '스위트룸', 3500000.0, 6.0, '무료WiFi+무료 조식+무료 주차', '위성TV서비스+고급침구+고급세면용품+냉장고+미니바+스파 욕조', 'N');

INSERT INTO ROOM (ROOM_NUM, ACM_NUM, ROOM_NAME, ROOM_PRICE, ROOM_PAX, ROOM_DESCRIPT_A, ROOM_DESCRIPT_B, ROOM_SMOKE) 
VALUES (4.0, 2.0, '디럭스 더블룸', 80000.0, 2.0, '무료WiFi+아침 식사 가능+>현장에서 결제+무료 주차', '객실 금고+매일 하우스 키핑+비데+발코니+암막 커튼+룸 서비스(이용 시간 제한)', 'N');

INSERT INTO ROOM (ROOM_NUM, ACM_NUM, ROOM_NAME, ROOM_PRICE, ROOM_PAX, ROOM_DESCRIPT_A, ROOM_DESCRIPT_B, ROOM_SMOKE) 
VALUES (5.0, 2.0, '디럭스 트윈룸', 120000.0, 3.0, '무료WiFi+아침 식사 가능+>현장에서 결제+무료 주차', '객실 금고+매일 하우스 키핑+비데+발코니+암막 커튼+룸 서비스(이용 시간 제한)', 'N');

INSERT INTO ROOM (ROOM_NUM, ACM_NUM, ROOM_NAME, ROOM_PRICE, ROOM_PAX, ROOM_DESCRIPT_A, ROOM_DESCRIPT_B, ROOM_SMOKE) 
VALUES (6.0, 2.0, '스위트룸', 290000.0, 4.0, '무료WiFi+아침 식사 가능+>현장에서 결제+무료 주차', '객실 금고+매일 하우스 키핑+비데+발코니+암막 커튼+룸 서비스(이용 시간 제한)', 'N');

INSERT INTO ROOM (ROOM_NUM, ACM_NUM, ROOM_NAME, ROOM_PRICE, ROOM_PAX, ROOM_DESCRIPT_A, ROOM_DESCRIPT_B, ROOM_SMOKE) 
VALUES (7.0, 3.0, '디럭스 더블룸', 226000.0, 2.0, '무료WiFi+아침 식사 가능+>현장에서 결제+무료 주차', '냉장고+매일 하우스 키핑+무료 생수+무료 세면용품+오리/거위털 이불+케이블 TV 서비스', 'N');

INSERT INTO ROOM (ROOM_NUM, ACM_NUM, ROOM_NAME, ROOM_PRICE, ROOM_PAX, ROOM_DESCRIPT_A, ROOM_DESCRIPT_B, ROOM_SMOKE) 
VALUES (8.0, 3.0, '디럭스 트윈룸', 260000.0, 3.0, '무료WiFi+아침 식사 가능+>현장에서 결제+무료 주차', '냉장고+매일 하우스 키핑+무료 생수+무료 세면용품+오리/거위털 이불+케이블 TV 서비스', 'N');

INSERT INTO ROOM (ROOM_NUM, ACM_NUM, ROOM_NAME, ROOM_PRICE, ROOM_PAX, ROOM_DESCRIPT_A, ROOM_DESCRIPT_B, ROOM_SMOKE) 
VALUES (9.0, 3.0, '스위트룸', 402000.0, 3.0, '무료WiFi+아침 식사 가능+>현장에서 결제+무료 주차', '냉장고+매일 하우스 키핑+무료 생수+무료 세면용품+오리/거위털 이불+케이블 TV 서비스', 'N');

INSERT INTO ROOM (ROOM_NUM, ACM_NUM, ROOM_NAME, ROOM_PRICE, ROOM_PAX, ROOM_DESCRIPT_A, ROOM_DESCRIPT_B, ROOM_SMOKE) 
VALUES (10.0, 4.0, '스탠다드 더블룸', 77000.0, 2.0, '무료WiFi+아침 식사 가능+>현장에서 결제+무료 주차', 'LED TV+객실 금고(노트북 보관 가능)+케이블 TV 서비스+객실 내 온도 조절기+냉장고+비데+목욕가운', 'N');

INSERT INTO ROOM (ROOM_NUM, ACM_NUM, ROOM_NAME, ROOM_PRICE, ROOM_PAX, ROOM_DESCRIPT_A, ROOM_DESCRIPT_B, ROOM_SMOKE) 
VALUES (11.0, 4.0, '슈페리어 트윈룸', 92000.0, 3.0, '무료WiFi+아침 식사 가능+>현장에서 결제+무료 주차', 'LED TV+객실 금고(노트북 보관 가능)+케이블 TV 서비스+객실 내 온도 조절기+냉장고+비데+목욕가운', 'N');

INSERT INTO ROOM (ROOM_NUM, ACM_NUM, ROOM_NAME, ROOM_PRICE, ROOM_PAX, ROOM_DESCRIPT_A, ROOM_DESCRIPT_B, ROOM_SMOKE) 
VALUES (12.0, 4.0, '스위트룸', 243000.0, 2.0, '무료WiFi+아침 식사 가능+>현장에서 결제+무료 주차', 'LED TV+객실 금고(노트북 보관 가능)+케이블 TV 서비스+객실 내 온도 조절기+냉장고+비데+목욕가운', 'N');

INSERT INTO ROOM (ROOM_NUM, ACM_NUM, ROOM_NAME, ROOM_PRICE, ROOM_PAX, ROOM_DESCRIPT_A, ROOM_DESCRIPT_B, ROOM_SMOKE) 
VALUES (13.0, 5.0, '디럭스 더블룸', 60000.0, 2.0, '무료WiFi+무료 조식+무료 주차', '냉장고+무료 생수+매일 하우스키핑+샤워 부스+비데+케이블 TV 서비스', 'N');

INSERT INTO ROOM (ROOM_NUM, ACM_NUM, ROOM_NAME, ROOM_PRICE, ROOM_PAX, ROOM_DESCRIPT_A, ROOM_DESCRIPT_B, ROOM_SMOKE) 
VALUES (14.0, 5.0, '슈피리어 트윈룸', 78000.0, 4.0, '무료WiFi+무료 조식+무료 주차', '냉장고+무료 생수+매일 하우스키핑+샤워 부스+비데+케이블 TV 서비스', 'N');

INSERT INTO ROOM (ROOM_NUM, ACM_NUM, ROOM_NAME, ROOM_PRICE, ROOM_PAX, ROOM_DESCRIPT_A, ROOM_DESCRIPT_B, ROOM_SMOKE) 
VALUES (15.0, 5.0, '프레지덴셜 파티룸', 290000.0, 6.0, '무료WiFi+무료 조식+무료 주차', '냉장고+무료 생수+매일 하우스키핑+샤워 부스+비데+케이블 TV 서비스', 'N');

INSERT INTO ROOM (ROOM_NUM, ACM_NUM, ROOM_NAME, ROOM_PRICE, ROOM_PAX, ROOM_DESCRIPT_A, ROOM_DESCRIPT_B, ROOM_SMOKE) 
VALUES (16.0, 6.0, '디럭스 트리플룸', 61000.0, 3.0, '무료WiFi+무료 조식+무료 주차', '객실 내 온도 조절기+냉장고+노트북 작업 공간+무료 세면용품+전용 욕실+케이블 TV 서비스+무료 WiFi', 'N');

INSERT INTO ROOM (ROOM_NUM, ACM_NUM, ROOM_NAME, ROOM_PRICE, ROOM_PAX, ROOM_DESCRIPT_A, ROOM_DESCRIPT_B, ROOM_SMOKE) 
VALUES (17.0, 6.0, '디럭스 패밀리룸', 70000.0, 3.0, '무료WiFi+무료 조식+무료 주차', '객실 내 온도 조절기+냉장고+노트북 작업 공간+무료 세면용품+전용 욕실+케이블 TV 서비스+무료 WiFi', 'N');

INSERT INTO ROOM (ROOM_NUM, ACM_NUM, ROOM_NAME, ROOM_PRICE, ROOM_PAX, ROOM_DESCRIPT_A, ROOM_DESCRIPT_B, ROOM_SMOKE) 
VALUES (18, 6, '프리미어 킹룸', 92000, 2, '무료WiFi+무료 조식+무료 주차', '객실 내 온도 조절기+냉장고+노트북 작업 공간+무료 세면용품+전용 욕실+케이블 TV 서비스+무료 WiFi', 'N');

INSERT INTO ROOM (ROOM_NUM, ACM_NUM, ROOM_NAME, ROOM_PRICE, ROOM_PAX, ROOM_DESCRIPT_A, ROOM_DESCRIPT_B, ROOM_SMOKE) 
VALUES (19, 7, '스탠다드 더블룸', 170000, 2, '무료WiFi+무료 조식+무료 주차+무료 공항 교통편', 'LCD TV+객실 금고+고급 세면용품+고급 침구+룸 서비스+미니바+비데+무료 WiFi+휠체어로 이용 가능', 'N');

INSERT INTO ROOM (ROOM_NUM, ACM_NUM, ROOM_NAME, ROOM_PRICE, ROOM_PAX, ROOM_DESCRIPT_A, ROOM_DESCRIPT_B, ROOM_SMOKE) 
VALUES (20, 7, '프리미어 트윈룸', 297000, 4, '무료WiFi+무료 조식+무료 주차+무료 공항 교통편', 'LCD TV+객실 금고+고급 세면용품+고급 침구+룸 서비스+미니바+비데+무료 WiFi+휠체어로 이용 가능', 'N');

INSERT INTO ROOM (ROOM_NUM, ACM_NUM, ROOM_NAME, ROOM_PRICE, ROOM_PAX, ROOM_DESCRIPT_A, ROOM_DESCRIPT_B, ROOM_SMOKE) 
VALUES (21, 7, '프레지덴셜 스위트', 990000, 4, '무료WiFi+무료 조식+무료 주차+무료 공항 교통편', 'LCD TV+객실 금고+고급 세면용품+고급 침구+룸 서비스+미니바+비데+무료 WiFi+휠체어로 이용 가능', 'N');

INSERT INTO ROOM (ROOM_NUM, ACM_NUM, ROOM_NAME, ROOM_PRICE, ROOM_PAX, ROOM_DESCRIPT_A, ROOM_DESCRIPT_B, ROOM_SMOKE) 
VALUES (22, 8, '디럭스 더블룸', 112000, 2, '무료WiFi+아침 식사 가능+>현장에서 결제+무료 주차', '객실 금소+객실 내 온도 조절+고급 세면용품+목욕 가운+방음 객실+비데+암막 커튼', 'N');

INSERT INTO ROOM (ROOM_NUM, ACM_NUM, ROOM_NAME, ROOM_PRICE, ROOM_PAX, ROOM_DESCRIPT_A, ROOM_DESCRIPT_B, ROOM_SMOKE) 
VALUES (23, 8, '디럭스 트윈룸', 108000, 3, '무료WiFi+아침 식사 가능+>현장에서 결제+무료 주차', '객실 금소+객실 내 온도 조절+고급 세면용품+목욕 가운+방음 객실+비데+암막 커튼', 'N');

INSERT INTO ROOM (ROOM_NUM, ACM_NUM, ROOM_NAME, ROOM_PRICE, ROOM_PAX, ROOM_DESCRIPT_A, ROOM_DESCRIPT_B, ROOM_SMOKE) 
VALUES (24, 8, '이그제큐티브 스위트', 435000, 4, '무료WiFi+아침 식사 가능+>현장에서 결제+무료 주차', '객실 금소+객실 내 온도 조절+고급 세면용품+목욕 가운+방음 객실+비데+암막 커튼', 'N');

INSERT INTO ROOM (ROOM_NUM, ACM_NUM, ROOM_NAME, ROOM_PRICE, ROOM_PAX, ROOM_DESCRIPT_A, ROOM_DESCRIPT_B, ROOM_SMOKE) 
VALUES (25, 45, '민박', 35000, 8, '무료WiFi+무료 조식+무료 주차', '히노끼탕+넓은 마당+게르+장작 체험+문 없는 화장실', 'N');

--------------------------------------------------------------------------------------------------


-- ROOM IMG --------------------------------------------------------------------------------------


INSERT INTO ROOMIMG (IMG_NUM, IMG_PATH, ROOM_NUM) 
VALUES (ROOMIMG_SEQ.NEXTVAL, 'https://edge.media.datahc.com/HI551100519.jpg', 1);

INSERT INTO ROOMIMG (IMG_NUM, IMG_PATH, ROOM_NUM) 
VALUES (ROOMIMG_SEQ.NEXTVAL, 'https://edge.media.datahc.com/HI551100526.jpg', 1);

INSERT INTO ROOMIMG (IMG_NUM, IMG_PATH, ROOM_NUM) 
VALUES (ROOMIMG_SEQ.NEXTVAL, 'https://edge.media.datahc.com/HI550665360.jpg', 1);

INSERT INTO ROOMIMG (IMG_NUM, IMG_PATH, ROOM_NUM) 
VALUES (ROOMIMG_SEQ.NEXTVAL, 'https://edge.media.datahc.com/HI551100527.jpg', 1);

INSERT INTO ROOMIMG (IMG_NUM, IMG_PATH, ROOM_NUM) 
VALUES (ROOMIMG_SEQ.NEXTVAL, 'https://edge.media.datahc.com/HI551100525.jpg', 2);

INSERT INTO ROOMIMG (IMG_NUM, IMG_PATH, ROOM_NUM) 
VALUES (ROOMIMG_SEQ.NEXTVAL, 'https://edge.media.datahc.com/HI551100521.jpg', 2);

INSERT INTO ROOMIMG (IMG_NUM, IMG_PATH, ROOM_NUM) 
VALUES (ROOMIMG_SEQ.NEXTVAL, 'https://edge.media.datahc.com/HI551100524.jpg', 2);

INSERT INTO ROOMIMG (IMG_NUM, IMG_PATH, ROOM_NUM) 
VALUES (ROOMIMG_SEQ.NEXTVAL, 'https://edge.media.datahc.com/HI551100522.jpg', 2);

INSERT INTO ROOMIMG (IMG_NUM, IMG_PATH, ROOM_NUM) 
VALUES (ROOMIMG_SEQ.NEXTVAL, 'https://edge.media.datahc.com/HI565195498.jpg', 3);

INSERT INTO ROOMIMG (IMG_NUM, IMG_PATH, ROOM_NUM) 
VALUES (ROOMIMG_SEQ.NEXTVAL, 'https://edge.media.datahc.com/HI550665365.jpg', 3);

INSERT INTO ROOMIMG (IMG_NUM, IMG_PATH, ROOM_NUM) 
VALUES (ROOMIMG_SEQ.NEXTVAL, 'https://edge.media.datahc.com/HI551100537.jpg', 3);

INSERT INTO ROOMIMG (IMG_NUM, IMG_PATH, ROOM_NUM) 
VALUES (ROOMIMG_SEQ.NEXTVAL, 'https://edge.media.datahc.com/HI551033193.jpg', 3);

INSERT INTO ROOMIMG (IMG_NUM, IMG_PATH, ROOM_NUM) 
VALUES (ROOMIMG_SEQ.NEXTVAL, 'https://edge.media.datahc.com/HI402148417.jpg', 4);

INSERT INTO ROOMIMG (IMG_NUM, IMG_PATH, ROOM_NUM) 
VALUES (ROOMIMG_SEQ.NEXTVAL, 'https://edge.media.datahc.com/HI402149151.jpg', 4);

INSERT INTO ROOMIMG (IMG_NUM, IMG_PATH, ROOM_NUM) 
VALUES (ROOMIMG_SEQ.NEXTVAL, 'https://edge.media.datahc.com/HI402148428.jpg', 4);

INSERT INTO ROOMIMG (IMG_NUM, IMG_PATH, ROOM_NUM) 
VALUES (ROOMIMG_SEQ.NEXTVAL, 'https://edge.media.datahc.com/HI402148418.jpg', 4);

INSERT INTO ROOMIMG (IMG_NUM, IMG_PATH, ROOM_NUM) 
VALUES (ROOMIMG_SEQ.NEXTVAL, 'https://edge.media.datahc.com/HI402148442.jpg', 5);

INSERT INTO ROOMIMG (IMG_NUM, IMG_PATH, ROOM_NUM) 
VALUES (ROOMIMG_SEQ.NEXTVAL, 'https://edge.media.datahc.com/HI402148426.jpg', 5);

INSERT INTO ROOMIMG (IMG_NUM, IMG_PATH, ROOM_NUM) 
VALUES (ROOMIMG_SEQ.NEXTVAL, 'https://edge.media.datahc.com/HI402148428.jpg', 5);

INSERT INTO ROOMIMG (IMG_NUM, IMG_PATH, ROOM_NUM) 
VALUES (ROOMIMG_SEQ.NEXTVAL, 'https://edge.media.datahc.com/HI402148427.jpg', 5);

INSERT INTO ROOMIMG (IMG_NUM, IMG_PATH, ROOM_NUM) 
VALUES (ROOMIMG_SEQ.NEXTVAL, 'https://edge.media.datahc.com/HI565820861.jpg', 6);

INSERT INTO ROOMIMG (IMG_NUM, IMG_PATH, ROOM_NUM) 
VALUES (ROOMIMG_SEQ.NEXTVAL, 'https://edge.media.datahc.com/HI565820862.jpg', 6);

INSERT INTO ROOMIMG (IMG_NUM, IMG_PATH, ROOM_NUM) 
VALUES (ROOMIMG_SEQ.NEXTVAL, 'https://edge.media.datahc.com/HI402148428.jpg', 6);

INSERT INTO ROOMIMG (IMG_NUM, IMG_PATH, ROOM_NUM) 
VALUES (ROOMIMG_SEQ.NEXTVAL, 'https://edge.media.datahc.com/HI565820861.jpg', 6);

INSERT INTO ROOMIMG (IMG_NUM, IMG_PATH, ROOM_NUM) 
VALUES (ROOMIMG_SEQ.NEXTVAL, 'https://edge.media.datahc.com/HI403463886.jpg', 7);

INSERT INTO ROOMIMG (IMG_NUM, IMG_PATH, ROOM_NUM) 
VALUES (ROOMIMG_SEQ.NEXTVAL, 'https://edge.media.datahc.com/HI403463887.jpg', 7);

INSERT INTO ROOMIMG (IMG_NUM, IMG_PATH, ROOM_NUM) 
VALUES (ROOMIMG_SEQ.NEXTVAL, 'https://edge.media.datahc.com/HI577970877.jpg', 7);

INSERT INTO ROOMIMG (IMG_NUM, IMG_PATH, ROOM_NUM) 
VALUES (ROOMIMG_SEQ.NEXTVAL, 'https://edge.media.datahc.com/HI398584588.jpg', 7);

INSERT INTO ROOMIMG (IMG_NUM, IMG_PATH, ROOM_NUM) 
VALUES (ROOMIMG_SEQ.NEXTVAL, 'https://edge.media.datahc.com/HI403463892.jpg', 8);

INSERT INTO ROOMIMG (IMG_NUM, IMG_PATH, ROOM_NUM) 
VALUES (ROOMIMG_SEQ.NEXTVAL, 'https://edge.media.datahc.com/HI403463891.jpg', 8);

INSERT INTO ROOMIMG (IMG_NUM, IMG_PATH, ROOM_NUM) 
VALUES (ROOMIMG_SEQ.NEXTVAL, 'https://edge.media.datahc.com/HI577970877.jpg', 8);

INSERT INTO ROOMIMG (IMG_NUM, IMG_PATH, ROOM_NUM) 
VALUES (ROOMIMG_SEQ.NEXTVAL, 'https://edge.media.datahc.com/HI398584588.jpg', 8);

INSERT INTO ROOMIMG (IMG_NUM, IMG_PATH, ROOM_NUM) 
VALUES (ROOMIMG_SEQ.NEXTVAL, 'https://exp.cdn-hotels.com/hotels/16000000/15260000/15252500/15252418/0028d89c_b.jpg', 9);

INSERT INTO ROOMIMG (IMG_NUM, IMG_PATH, ROOM_NUM) 
VALUES (ROOMIMG_SEQ.NEXTVAL, 'https://exp.cdn-hotels.com/hotels/16000000/15260000/15252500/15252418/a7380e7b_b.jpg', 9);

INSERT INTO ROOMIMG (IMG_NUM, IMG_PATH, ROOM_NUM) 
VALUES (ROOMIMG_SEQ.NEXTVAL, 'https://edge.media.datahc.com/HI577970877.jpg', 9);

INSERT INTO ROOMIMG (IMG_NUM, IMG_PATH, ROOM_NUM) 
VALUES (ROOMIMG_SEQ.NEXTVAL, 'https://edge.media.datahc.com/HI398584588.jpg', 9);

INSERT INTO ROOMIMG (IMG_NUM, IMG_PATH, ROOM_NUM) 
VALUES (ROOMIMG_SEQ.NEXTVAL, 'https://edge.media.datahc.com/HI557269141.jpg', 10);

INSERT INTO ROOMIMG (IMG_NUM, IMG_PATH, ROOM_NUM) 
VALUES (ROOMIMG_SEQ.NEXTVAL, 'https://edge.media.datahc.com/HI569531975.jpg', 10);

INSERT INTO ROOMIMG (IMG_NUM, IMG_PATH, ROOM_NUM) 
VALUES (ROOMIMG_SEQ.NEXTVAL, 'https://edge.media.datahc.com/HI532878740.jpg', 10);

INSERT INTO ROOMIMG (IMG_NUM, IMG_PATH, ROOM_NUM) 
VALUES (ROOMIMG_SEQ.NEXTVAL, 'https://edge.media.datahc.com/HI563750793.jpg', 10);

INSERT INTO ROOMIMG (IMG_NUM, IMG_PATH, ROOM_NUM) 
VALUES (ROOMIMG_SEQ.NEXTVAL, 'https://edge.media.datahc.com/HI557269138.jpg', 11);

INSERT INTO ROOMIMG (IMG_NUM, IMG_PATH, ROOM_NUM) 
VALUES (ROOMIMG_SEQ.NEXTVAL, 'https://edge.media.datahc.com/HI557269129.jpg', 11);

INSERT INTO ROOMIMG (IMG_NUM, IMG_PATH, ROOM_NUM) 
VALUES (ROOMIMG_SEQ.NEXTVAL, 'https://edge.media.datahc.com/HI557269132.jpg', 11);

INSERT INTO ROOMIMG (IMG_NUM, IMG_PATH, ROOM_NUM) 
VALUES (ROOMIMG_SEQ.NEXTVAL, 'https://edge.media.datahc.com/HI563750793.jpg', 11);

INSERT INTO ROOMIMG (IMG_NUM, IMG_PATH, ROOM_NUM) 
VALUES (ROOMIMG_SEQ.NEXTVAL, 'https://edge.media.datahc.com/HI408727636.jpg', 12);

INSERT INTO ROOMIMG (IMG_NUM, IMG_PATH, ROOM_NUM) 
VALUES (ROOMIMG_SEQ.NEXTVAL, 'https://edge.media.datahc.com/HI532878740.jpg', 12);

INSERT INTO ROOMIMG (IMG_NUM, IMG_PATH, ROOM_NUM) 
VALUES (ROOMIMG_SEQ.NEXTVAL, 'https://edge.media.datahc.com/HI408727635.jpg', 12);

INSERT INTO ROOMIMG (IMG_NUM, IMG_PATH, ROOM_NUM) 
VALUES (ROOMIMG_SEQ.NEXTVAL, 'https://edge.media.datahc.com/HI563750793.jpg', 12);

INSERT INTO ROOMIMG (IMG_NUM, IMG_PATH, ROOM_NUM) 
VALUES (ROOMIMG_SEQ.NEXTVAL, 'https://edge.media.datahc.com/HI534779612.jpg', 13);

INSERT INTO ROOMIMG (IMG_NUM, IMG_PATH, ROOM_NUM) 
VALUES (ROOMIMG_SEQ.NEXTVAL, 'https://edge.media.datahc.com/HI534779613.jpg', 13);

INSERT INTO ROOMIMG (IMG_NUM, IMG_PATH, ROOM_NUM) 
VALUES (ROOMIMG_SEQ.NEXTVAL, 'https://edge.media.datahc.com/HI534779614.jpg', 13);

INSERT INTO ROOMIMG (IMG_NUM, IMG_PATH, ROOM_NUM) 
VALUES (ROOMIMG_SEQ.NEXTVAL, 'https://edge.media.datahc.com/HI564791603.jpg', 13);

INSERT INTO ROOMIMG (IMG_NUM, IMG_PATH, ROOM_NUM) 
VALUES (ROOMIMG_SEQ.NEXTVAL, 'https://edge.media.datahc.com/HI534828209.jpg', 14);

INSERT INTO ROOMIMG (IMG_NUM, IMG_PATH, ROOM_NUM) 
VALUES (ROOMIMG_SEQ.NEXTVAL, 'https://edge.media.datahc.com/HI560247003.jpg', 14);

INSERT INTO ROOMIMG (IMG_NUM, IMG_PATH, ROOM_NUM) 
VALUES (ROOMIMG_SEQ.NEXTVAL, 'https://edge.media.datahc.com/HI534779614.jpg', 14);

INSERT INTO ROOMIMG (IMG_NUM, IMG_PATH, ROOM_NUM) 
VALUES (ROOMIMG_SEQ.NEXTVAL, 'https://edge.media.datahc.com/HI564791603.jpg', 14);

INSERT INTO ROOMIMG (IMG_NUM, IMG_PATH, ROOM_NUM) 
VALUES (ROOMIMG_SEQ.NEXTVAL, 'https://thumbnails.trvl-media.com/yArCYe3J8_MCN8XDvEJQYaa9mfg=/773x530/smart/filters:quality(60)/exp.cdn-hotels.com/hotels/13000000/12360000/12351000/12350901/cb3f5896_z.jpg', 15);

INSERT INTO ROOMIMG (IMG_NUM, IMG_PATH, ROOM_NUM) 
VALUES (ROOMIMG_SEQ.NEXTVAL, 'https://thumbnails.trvl-media.com/yArCYe3J8_MCN8XDvEJQYaa9mfg=/773x530/smart/filters:quality(60)/exp.cdn-hotels.com/hotels/13000000/12360000/12351000/12350901/cb3f5896_z.jpg', 15);

INSERT INTO ROOMIMG (IMG_NUM, IMG_PATH, ROOM_NUM) 
VALUES (ROOMIMG_SEQ.NEXTVAL, 'https://thumbnails.trvl-media.com/PCJnKr-ElPDGzddSoegD8-3FMk8=/773x530/smart/filters:quality(60)/exp.cdn-hotels.com/hotels/13000000/12360000/12351000/12350901/3ee73aa6_z.jpg', 15);

INSERT INTO ROOMIMG (IMG_NUM, IMG_PATH, ROOM_NUM) 
VALUES (ROOMIMG_SEQ.NEXTVAL, 'https://thumbnails.trvl-media.com/NFJsWF5wjboIj0YP3UEu0XRi45s=/773x530/smart/filters:quality(60)/exp.cdn-hotels.com/hotels/13000000/12360000/12351000/12350901/da6ee691_z.jpg', 15);

INSERT INTO ROOMIMG (IMG_NUM, IMG_PATH, ROOM_NUM) 
VALUES (ROOMIMG_SEQ.NEXTVAL, 'https://thumbnails.trvl-media.com/84A0UFeCIuS3as7N9AO5LHmaE_k=/773x530/smart/filters:quality(60)/exp.cdn-hotels.com/hotels/20000000/19270000/19264700/19264649/5ea1ab46_z.jpg', 16);

INSERT INTO ROOMIMG (IMG_NUM, IMG_PATH, ROOM_NUM) 
VALUES (ROOMIMG_SEQ.NEXTVAL, 'https://thumbnails.trvl-media.com/FjxSXbP6suEff-BPqpRq8zqLsD8=/773x530/smart/filters:quality(60)/exp.cdn-hotels.com/hotels/20000000/19270000/19264700/19264649/afd04fef_z.jpg', 16);

INSERT INTO ROOMIMG (IMG_NUM, IMG_PATH, ROOM_NUM) 
VALUES (ROOMIMG_SEQ.NEXTVAL, 'https://thumbnails.trvl-media.com/0t9-hOaO7pWdXVfh5PGB6S-0GwQ=/773x530/smart/filters:quality(60)/exp.cdn-hotels.com/hotels/20000000/19270000/19264700/19264649/42ad4982_z.jpg', 17);

INSERT INTO ROOMIMG (IMG_NUM, IMG_PATH, ROOM_NUM) 
VALUES (ROOMIMG_SEQ.NEXTVAL, 'https://thumbnails.trvl-media.com/UQZLhsJqD6eYpZhj9JwSVLDJnmw=/773x530/smart/filters:quality(60)/exp.cdn-hotels.com/hotels/20000000/19270000/19264700/19264649/e3396912_z.jpg', 17);

INSERT INTO ROOMIMG (IMG_NUM, IMG_PATH, ROOM_NUM) 
VALUES (ROOMIMG_SEQ.NEXTVAL, 'https://thumbnails.trvl-media.com/KNDUjIhRF6nUex1SVHPIXjV8Bhc=/773x530/smart/filters:quality(60)/exp.cdn-hotels.com/hotels/20000000/19270000/19264700/19264649/3e5c0453_z.jpg', 17);

INSERT INTO ROOMIMG (IMG_NUM, IMG_PATH, ROOM_NUM) 
VALUES (ROOMIMG_SEQ.NEXTVAL, 'https://thumbnails.trvl-media.com/8JnncClt7eOOkFxsRo4_HjNdKuw=/773x530/smart/filters:quality(60)/exp.cdn-hotels.com/hotels/20000000/19270000/19264700/19264649/2c574096_z.jpg', 17);

INSERT INTO ROOMIMG (IMG_NUM, IMG_PATH, ROOM_NUM) 
VALUES (ROOMIMG_SEQ.NEXTVAL, 'https://thumbnails.trvl-media.com/ExzoPZ9HuekdLoUTvBhC5eTGiSA=/773x530/smart/filters:quality(60)/exp.cdn-hotels.com/hotels/20000000/19270000/19264700/19264649/166fd1ff_z.jpg', 18);

INSERT INTO ROOMIMG (IMG_NUM, IMG_PATH, ROOM_NUM) 
VALUES (ROOMIMG_SEQ.NEXTVAL, 'https://thumbnails.trvl-media.com/e0WYYflY_v0lKoxKA96Ib0gtk_s=/773x530/smart/filters:quality(60)/exp.cdn-hotels.com/hotels/20000000/19270000/19264700/19264649/e3fed1b7_z.jpg', 18);

INSERT INTO ROOMIMG (IMG_NUM, IMG_PATH, ROOM_NUM) 
VALUES (ROOMIMG_SEQ.NEXTVAL, 'https://thumbnails.trvl-media.com/19wG_nrusmfxZlLCKlxPJNBoQRM=/773x530/smart/filters:quality(60)/exp.cdn-hotels.com/hotels/20000000/19270000/19264700/19264649/cafba31f_z.jpg', 18);

INSERT INTO ROOMIMG (IMG_NUM, IMG_PATH, ROOM_NUM) 
VALUES (ROOMIMG_SEQ.NEXTVAL, 'https://edge.media.datahc.com/HI396621886.jpg', 19);

INSERT INTO ROOMIMG (IMG_NUM, IMG_PATH, ROOM_NUM) 
VALUES (ROOMIMG_SEQ.NEXTVAL, 'https://edge.media.datahc.com/HI396621885.jpg', 19);

INSERT INTO ROOMIMG (IMG_NUM, IMG_PATH, ROOM_NUM) 
VALUES (ROOMIMG_SEQ.NEXTVAL, 'https://edge.media.datahc.com/HI545546849.jpg', 19);

INSERT INTO ROOMIMG (IMG_NUM, IMG_PATH, ROOM_NUM) 
VALUES (ROOMIMG_SEQ.NEXTVAL, 'https://edge.media.datahc.com/HI569532545.jpg', 19);

INSERT INTO ROOMIMG (IMG_NUM, IMG_PATH, ROOM_NUM) 
VALUES (ROOMIMG_SEQ.NEXTVAL, 'https://edge.media.datahc.com/HI505091285.jpg', 20);

INSERT INTO ROOMIMG (IMG_NUM, IMG_PATH, ROOM_NUM) 
VALUES (ROOMIMG_SEQ.NEXTVAL, 'https://edge.media.datahc.com/HI505091284.jpg', 20);

INSERT INTO ROOMIMG (IMG_NUM, IMG_PATH, ROOM_NUM) 
VALUES (ROOMIMG_SEQ.NEXTVAL, 'https://edge.media.datahc.com/HI545550400.jpg', 20);

INSERT INTO ROOMIMG (IMG_NUM, IMG_PATH, ROOM_NUM) 
VALUES (ROOMIMG_SEQ.NEXTVAL, 'https://edge.media.datahc.com/HI569532545.jpg', 20);

INSERT INTO ROOMIMG (IMG_NUM, IMG_PATH, ROOM_NUM) 
VALUES (ROOMIMG_SEQ.NEXTVAL, 'https://thumbnails.trvl-media.com/D_if-J_hKjJh609pU1qjJ9yxDpg=/773x530/smart/filters:quality(60)/exp.cdn-hotels.com/hotels/3000000/2860000/2856500/2856414/c31a0590_z.jpg', 21);

INSERT INTO ROOMIMG (IMG_NUM, IMG_PATH, ROOM_NUM) 
VALUES (ROOMIMG_SEQ.NEXTVAL, 'https://thumbnails.trvl-media.com/lqI256V_lPJfqwNncfd8EuWR9Fc=/773x530/smart/filters:quality(60)/exp.cdn-hotels.com/hotels/3000000/2860000/2856500/2856414/a6439b99_z.jpg', 21);

INSERT INTO ROOMIMG (IMG_NUM, IMG_PATH, ROOM_NUM) 
VALUES (ROOMIMG_SEQ.NEXTVAL, 'https://thumbnails.trvl-media.com/EZCEK0jMPqELEhlqZtWNeAwbsR0=/773x530/smart/filters:quality(60)/exp.cdn-hotels.com/hotels/3000000/2860000/2856500/2856414/6700c20e_z.jpg', 21);

INSERT INTO ROOMIMG (IMG_NUM, IMG_PATH, ROOM_NUM) 
VALUES (ROOMIMG_SEQ.NEXTVAL, 'https://edge.media.datahc.com/HI569532545.jpg', 21);

INSERT INTO ROOMIMG (IMG_NUM, IMG_PATH, ROOM_NUM) 
VALUES (ROOMIMG_SEQ.NEXTVAL, 'https://edge.media.datahc.com/HI367305526.jpg', 22);

INSERT INTO ROOMIMG (IMG_NUM, IMG_PATH, ROOM_NUM) 
VALUES (ROOMIMG_SEQ.NEXTVAL, 'https://edge.media.datahc.com/HI367305527.jpg', 22);

INSERT INTO ROOMIMG (IMG_NUM, IMG_PATH, ROOM_NUM) 
VALUES (ROOMIMG_SEQ.NEXTVAL, 'https://edge.media.datahc.com/HI367305531.jpg', 22);

INSERT INTO ROOMIMG (IMG_NUM, IMG_PATH, ROOM_NUM) 
VALUES (ROOMIMG_SEQ.NEXTVAL, 'https://edge.media.datahc.com/HI367305566.jpg', 23);

INSERT INTO ROOMIMG (IMG_NUM, IMG_PATH, ROOM_NUM) 
VALUES (ROOMIMG_SEQ.NEXTVAL, 'https://edge.media.datahc.com/HI367305567.jpg', 23);

INSERT INTO ROOMIMG (IMG_NUM, IMG_PATH, ROOM_NUM) 
VALUES (ROOMIMG_SEQ.NEXTVAL, 'https://edge.media.datahc.com/HI367305577.jpg', 23);

INSERT INTO ROOMIMG (IMG_NUM, IMG_PATH, ROOM_NUM) 
VALUES (ROOMIMG_SEQ.NEXTVAL, 'https://edge.media.datahc.com/HI560248280.jpg', 24);

INSERT INTO ROOMIMG (IMG_NUM, IMG_PATH, ROOM_NUM) 
VALUES (ROOMIMG_SEQ.NEXTVAL, 'https://edge.media.datahc.com/HI560248282.jpg', 24);

INSERT INTO ROOMIMG (IMG_NUM, IMG_PATH, ROOM_NUM) 
VALUES (ROOMIMG_SEQ.NEXTVAL, 'https://edge.media.datahc.com/HI560248299.jpg', 24);

INSERT INTO ROOMIMG (IMG_NUM, IMG_PATH, ROOM_NUM) 
VALUES (ROOMIMG_SEQ.NEXTVAL, 'https://www.olchiolchi.com/wp-content/uploads/2018/02/2-1024x574.png', 25);

INSERT INTO ROOMIMG (IMG_NUM, IMG_PATH, ROOM_NUM) 
VALUES (ROOMIMG_SEQ.NEXTVAL, 'https://www.olchiolchi.com/wp-content/uploads/2018/02/4-1024x575.png', 25);

INSERT INTO ROOMIMG (IMG_NUM, IMG_PATH, ROOM_NUM) 
VALUES (ROOMIMG_SEQ.NEXTVAL, 'https://mblogthumb-phinf.pstatic.net/MjAxODAzMzFfMTgx/MDAxNTIyNDk4NzU0Mzg5.N3iAT5jALTT7SkFn8sucRzoJ6cOpaVykZF9wDZm7Zxcg.0z6BP8AgcnzAgRNdxXE0TxEmGrJ7UPidiXTuIFH0QbYg.JPEG.chdklove/JTBC_%ED%9A%A8%EB%A6%AC%EB%84%A4_%EB%AF%BC%EB%B0%95_%EC%8B%9C%EC%A6%8C2.E01.180204.720p-NEXT.mp4_004796925.jpg?type=w800', 25.0);

---------------------------------------------------------------------------------------------

-- RESERVATION -----------------------------------------------------------------


INSERT INTO RESERVATION (RESERV_NUM, MEM_NUM, ROOM_NUM, RESERV_PAX, CHECKIN_DATE, CHECKOUT_DATE, RESERV_PRICE, RESERV_CANCEL, RESERV_DATE, CANCEL_DATE, RESERV_REQUIRE, NOSHOW, STATUS) 
VALUES (RESERVATION_SEQ.NEXTVAL, 1, 1, 2, SYSDATE, SYSDATE+1, 629200, 'N', SYSDATE, NULL, '22시 체크인 예정', 'N', 'Y');

INSERT INTO RESERVATION (RESERV_NUM, MEM_NUM, ROOM_NUM, RESERV_PAX, CHECKIN_DATE, CHECKOUT_DATE, RESERV_PRICE, RESERV_CANCEL, RESERV_DATE, CANCEL_DATE, RESERV_REQUIRE, NOSHOW, STATUS) 
VALUES (RESERVATION_SEQ.NEXTVAL, 2, 2, 2, SYSDATE+1, SYSDATE+2, 669199, 'N', SYSDATE, NULL, '간이 침대 추가해주세요', 'N', 'Y');

INSERT INTO RESERVATION (RESERV_NUM, MEM_NUM, ROOM_NUM, RESERV_PAX, CHECKIN_DATE, CHECKOUT_DATE, RESERV_PRICE, RESERV_CANCEL, RESERV_DATE, CANCEL_DATE, RESERV_REQUIRE, NOSHOW, STATUS) 
VALUES (RESERVATION_SEQ.NEXTVAL, 3, 3, 2, SYSDATE+2, SYSDATE+3, 274999, 'N', SYSDATE, NULL, '금연룸으로 부탁드립니다.', 'N', 'Y');

INSERT INTO RESERVATION (RESERV_NUM, MEM_NUM, ROOM_NUM, RESERV_PAX, CHECKIN_DATE, CHECKOUT_DATE, RESERV_PRICE, RESERV_CANCEL, RESERV_DATE, CANCEL_DATE, RESERV_REQUIRE, NOSHOW, STATUS) 
VALUES (RESERVATION_SEQ.NEXTVAL, 4, 4, 2, SYSDATE+3, SYSDATE+4, 296999, 'N', SYSDATE, NULL, '청소 신경써주세요.', 'N', 'Y');

INSERT INTO RESERVATION (RESERV_NUM, MEM_NUM, ROOM_NUM, RESERV_PAX, CHECKIN_DATE, CHECKOUT_DATE, RESERV_PRICE, RESERV_CANCEL, RESERV_DATE, CANCEL_DATE, RESERV_REQUIRE, NOSHOW, STATUS) 
VALUES (RESERVATION_SEQ.NEXTVAL, 5, 5, 2, SYSDATE+4, SYSDATE+5, 83805, 'N', SYSDATE, NULL, '23시 체크인 예정입니다.', 'N', 'Y');

INSERT INTO RESERVATION (RESERV_NUM, MEM_NUM, ROOM_NUM, RESERV_PAX, CHECKIN_DATE, CHECKOUT_DATE, RESERV_PRICE, RESERV_CANCEL, RESERV_DATE, CANCEL_DATE, RESERV_REQUIRE, NOSHOW, STATUS) 
VALUES (RESERVATION_SEQ.NEXTVAL, 6, 6, 2, SYSDATE+5, SYSDATE+6, 100000, 'N', SYSDATE, NULL, '수건 넉넉히 준비해주세요', 'N', 'Y');

INSERT INTO RESERVATION (RESERV_NUM, MEM_NUM, ROOM_NUM, RESERV_PAX, CHECKIN_DATE, CHECKOUT_DATE, RESERV_PRICE, RESERV_CANCEL, RESERV_DATE, CANCEL_DATE, RESERV_REQUIRE, NOSHOW, STATUS) 
VALUES (RESERVATION_SEQ.NEXTVAL, 7, 7, 2, SYSDATE+6, SYSDATE+7, 110000, 'N', SYSDATE, NULL, '22시 체크인 예정', 'N', 'Y');

INSERT INTO RESERVATION (RESERV_NUM, MEM_NUM, ROOM_NUM, RESERV_PAX, CHECKIN_DATE, CHECKOUT_DATE, RESERV_PRICE, RESERV_CANCEL, RESERV_DATE, CANCEL_DATE, RESERV_REQUIRE, NOSHOW, STATUS) 
VALUES (RESERVATION_SEQ.NEXTVAL, 8, 8, 2, SYSDATE+7, SYSDATE+8, 120000, 'N', SYSDATE, NULL, '간이 침대 추가해주세요', 'N', 'Y');

INSERT INTO RESERVATION (RESERV_NUM, MEM_NUM, ROOM_NUM, RESERV_PAX, CHECKIN_DATE, CHECKOUT_DATE, RESERV_PRICE, RESERV_CANCEL, RESERV_DATE, CANCEL_DATE, RESERV_REQUIRE, NOSHOW, STATUS) 
VALUES (RESERVATION_SEQ.NEXTVAL, 9, 9, 2, SYSDATE+8, SYSDATE+9, 130000, 'N', SYSDATE, NULL, '금연룸으로 부탁드립니다.', 'N', 'Y');

INSERT INTO RESERVATION (RESERV_NUM, MEM_NUM, ROOM_NUM, RESERV_PAX, CHECKIN_DATE, CHECKOUT_DATE, RESERV_PRICE, RESERV_CANCEL, RESERV_DATE, CANCEL_DATE, RESERV_REQUIRE, NOSHOW, STATUS) 
VALUES (RESERVATION_SEQ.NEXTVAL, 10, 10, 2, SYSDATE+9, SYSDATE+10, 140000, 'N', SYSDATE, NULL, '청소 신경써주세요.', 'N', 'Y');

INSERT INTO RESERVATION (RESERV_NUM, MEM_NUM, ROOM_NUM, RESERV_PAX, CHECKIN_DATE, CHECKOUT_DATE, RESERV_PRICE, RESERV_CANCEL, RESERV_DATE, CANCEL_DATE, RESERV_REQUIRE, NOSHOW, STATUS) 
VALUES (RESERVATION_SEQ.NEXTVAL, 11, 11, 2, SYSDATE+10, SYSDATE+11, 150000, 'N', SYSDATE, NULL, '23시 체크인 예정입니다.', 'N', 'Y');

INSERT INTO RESERVATION (RESERV_NUM, MEM_NUM, ROOM_NUM, RESERV_PAX, CHECKIN_DATE, CHECKOUT_DATE, RESERV_PRICE, RESERV_CANCEL, RESERV_DATE, CANCEL_DATE, RESERV_REQUIRE, NOSHOW, STATUS) 
VALUES (RESERVATION_SEQ.NEXTVAL, 12, 13, 2, SYSDATE+11, SYSDATE+12, 160000, 'N', SYSDATE, NULL, '수건 넉넉히 준비해주세요', 'N', 'Y');

INSERT INTO RESERVATION (RESERV_NUM, MEM_NUM, ROOM_NUM, RESERV_PAX, CHECKIN_DATE, CHECKOUT_DATE, RESERV_PRICE, RESERV_CANCEL, RESERV_DATE, CANCEL_DATE, RESERV_REQUIRE, NOSHOW, STATUS) 
VALUES (RESERVATION_SEQ.NEXTVAL, 13, 15, 2, SYSDATE+12, SYSDATE+13, 170000, 'N', SYSDATE, NULL, '빼애애애애애앰!!', 'N', 'Y');

INSERT INTO RESERVATION (RESERV_NUM, MEM_NUM, ROOM_NUM, RESERV_PAX, CHECKIN_DATE, CHECKOUT_DATE, RESERV_PRICE, RESERV_CANCEL, RESERV_DATE, CANCEL_DATE, RESERV_REQUIRE, NOSHOW, STATUS) 
VALUES (RESERVATION_SEQ.NEXTVAL, 1, 12, 2, SYSDATE+3, SYSDATE+5, 130000, 'N', SYSDATE, NULL, '빼애애애애애앰!!', 'N', 'Y');

INSERT INTO RESERVATION (RESERV_NUM, MEM_NUM, ROOM_NUM, RESERV_PAX, CHECKIN_DATE, CHECKOUT_DATE, RESERV_PRICE, RESERV_CANCEL, RESERV_DATE, CANCEL_DATE, RESERV_REQUIRE, NOSHOW, STATUS) 
VALUES (RESERVATION_SEQ.NEXTVAL, 2, 14, 2, SYSDATE+4, SYSDATE+7, 110000, 'N', SYSDATE, NULL, '빼애애애애애앰!!', 'N', 'Y');

INSERT INTO RESERVATION (RESERV_NUM, MEM_NUM, ROOM_NUM, RESERV_PAX, CHECKIN_DATE, CHECKOUT_DATE, RESERV_PRICE, RESERV_CANCEL, RESERV_DATE, CANCEL_DATE, RESERV_REQUIRE, NOSHOW, STATUS) 
VALUES (RESERVATION_SEQ.NEXTVAL, 13, 16, 2, SYSDATE+10, SYSDATE+11, 170000, 'N', SYSDATE, NULL, '빼애애애애애앰!!', 'N', 'Y');

INSERT INTO RESERVATION (RESERV_NUM, MEM_NUM, ROOM_NUM, RESERV_PAX, CHECKIN_DATE, CHECKOUT_DATE, RESERV_PRICE, RESERV_CANCEL, RESERV_DATE, CANCEL_DATE, RESERV_REQUIRE, NOSHOW, STATUS) 
VALUES (RESERVATION_SEQ.NEXTVAL, 16, 17, 2, SYSDATE+7, SYSDATE+9, 170000, 'N', SYSDATE, NULL, '빼애애애애애앰!!', 'N', 'Y');

INSERT INTO RESERVATION (RESERV_NUM, MEM_NUM, ROOM_NUM, RESERV_PAX, CHECKIN_DATE, CHECKOUT_DATE, RESERV_PRICE, RESERV_CANCEL, RESERV_DATE, CANCEL_DATE, RESERV_REQUIRE, NOSHOW, STATUS) 
VALUES (RESERVATION_SEQ.NEXTVAL, 8, 18, 2, SYSDATE+12, SYSDATE+14, 170000, 'N', SYSDATE, NULL, '빼애애애애애앰!!', 'N', 'Y');

INSERT INTO RESERVATION (RESERV_NUM, MEM_NUM, ROOM_NUM, RESERV_PAX, CHECKIN_DATE, CHECKOUT_DATE, RESERV_PRICE, RESERV_CANCEL, RESERV_DATE, CANCEL_DATE, RESERV_REQUIRE, NOSHOW, STATUS) 
VALUES (RESERVATION_SEQ.NEXTVAL, 15, 19, 2, SYSDATE+13, SYSDATE+15, 170000, 'N', SYSDATE, NULL, '빼애애애애애앰!!', 'N', 'Y');

INSERT INTO RESERVATION (RESERV_NUM, MEM_NUM, ROOM_NUM, RESERV_PAX, CHECKIN_DATE, CHECKOUT_DATE, RESERV_PRICE, RESERV_CANCEL, RESERV_DATE, CANCEL_DATE, RESERV_REQUIRE, NOSHOW, STATUS) 
VALUES (RESERVATION_SEQ.NEXTVAL, 12, 20, 2, SYSDATE+1, SYSDATE+3, 170000, 'N', SYSDATE, NULL, '빼애애애애애앰!!', 'N', 'Y');

INSERT INTO RESERVATION (RESERV_NUM, MEM_NUM, ROOM_NUM, RESERV_PAX, CHECKIN_DATE, CHECKOUT_DATE, RESERV_PRICE, RESERV_CANCEL, RESERV_DATE, CANCEL_DATE, RESERV_REQUIRE, NOSHOW, STATUS) 
VALUES (RESERVATION_SEQ.NEXTVAL, 6, 21, 2, SYSDATE+2, SYSDATE+7, 170000, 'N', SYSDATE, NULL, '빼애애애애애앰!!', 'N', 'Y');

INSERT INTO RESERVATION (RESERV_NUM, MEM_NUM, ROOM_NUM, RESERV_PAX, CHECKIN_DATE, CHECKOUT_DATE, RESERV_PRICE, RESERV_CANCEL, RESERV_DATE, CANCEL_DATE, RESERV_REQUIRE, NOSHOW, STATUS) 
VALUES (RESERVATION_SEQ.NEXTVAL, 7, 22, 2, SYSDATE+4, SYSDATE+7, 170000, 'N', SYSDATE, NULL, '빼애애애애애앰!!', 'N', 'Y');

INSERT INTO RESERVATION (RESERV_NUM, MEM_NUM, ROOM_NUM, RESERV_PAX, CHECKIN_DATE, CHECKOUT_DATE, RESERV_PRICE, RESERV_CANCEL, RESERV_DATE, CANCEL_DATE, RESERV_REQUIRE, NOSHOW, STATUS) 
VALUES (RESERVATION_SEQ.NEXTVAL, 1, 23, 2, SYSDATE+7, SYSDATE+9, 170000, 'N', SYSDATE, NULL, '빼애애애애애앰!!', 'N', 'Y');

INSERT INTO RESERVATION (RESERV_NUM, MEM_NUM, ROOM_NUM, RESERV_PAX, CHECKIN_DATE, CHECKOUT_DATE, RESERV_PRICE, RESERV_CANCEL, RESERV_DATE, CANCEL_DATE, RESERV_REQUIRE, NOSHOW, STATUS) 
VALUES (RESERVATION_SEQ.NEXTVAL, 3, 24, 2, SYSDATE+8, SYSDATE+11, 170000, 'N', SYSDATE, NULL, '빼애애애애애앰!!', 'N', 'Y');

INSERT INTO RESERVATION (RESERV_NUM, MEM_NUM, ROOM_NUM, RESERV_PAX, CHECKIN_DATE, CHECKOUT_DATE, RESERV_PRICE, RESERV_CANCEL, RESERV_DATE, CANCEL_DATE, RESERV_REQUIRE, NOSHOW, STATUS) 
VALUES (RESERVATION_SEQ.NEXTVAL, 10, 25, 2, SYSDATE+1, SYSDATE+3, 170000, 'N', SYSDATE, NULL, '빼애애애애애앰!!', 'N', 'Y');



----------------------------------------------------------------------------------



INSERT INTO PAYMENT VALUES (PAYMENT_SEQ.NEXTVAL,1,629200,'C','N',SYSDATE,NULL);
INSERT INTO PAYMENT VALUES (PAYMENT_SEQ.NEXTVAL,2,669199,'C','N',SYSDATE,NULL);
INSERT INTO PAYMENT VALUES (PAYMENT_SEQ.NEXTVAL,3,274999,'C','N',SYSDATE,NULL);
INSERT INTO PAYMENT VALUES (PAYMENT_SEQ.NEXTVAL,4,296999,'C','N',SYSDATE,NULL);
INSERT INTO PAYMENT VALUES (PAYMENT_SEQ.NEXTVAL,5,83805,'C','N',SYSDATE,NULL);






COMMIT;
